,YearMonth,Tonnes
0,202409.0,0.184
1,202409.0,0.288
2,202409.0,0.072
3,202409.0,1.2027999999999999
4,202409.0,0.2625
5,202409.0,0.07080000000000002
6,202409.0,0.07080000000000002
7,202409.0,0.4248
8,202409.0,0.03540000000000001
9,202409.0,0.31860000000000005
10,202409.0,0.015
11,202409.0,0.03
12,202409.0,0.27
13,202409.0,2.38
14,202409.0,1.904
15,202409.0,0.152
16,202409.0,0.1988
17,202409.0,1.2
18,202409.0,0.81
19,202409.0,0.5064000000000001
20,202409.0,0.0422
21,202409.0,0.152
22,202409.0,0.19
23,202409.0,0.532
24,202409.0,0.038
25,202409.0,0.076
26,202409.0,0.152
27,202409.0,0.152
28,202409.0,0.152
29,202409.0,1.206
30,202409.0,0.018
31,202409.0,0.9660000000000001
32,202409.0,0.032
33,202409.0,0.032
34,202409.0,0.944
35,202409.0,0.708
36,202409.0,0.3
37,202410.0,0.032
38,202410.0,0.6512
39,202410.0,1.056
40,202409.0,0.032
41,202409.0,2.21
42,202410.0,0.2284
43,202410.0,0.212
44,202410.0,0.212
45,202410.0,0.368
46,202410.0,0.309
47,202410.0,0.204
48,202410.0,0.14
49,202410.0,0.304
50,202410.0,0.336
51,202409.0,0.088
52,202409.0,0.33
53,202409.0,0.468
54,202409.0,1.008
55,202410.0,0.3456
56,202410.0,0.5328
57,202410.0,0.032
58,202410.0,1.0452000000000001
59,202409.0,0.15
60,202409.0,0.472
61,202409.0,0.27257
62,202409.0,0.78
63,202409.0,
64,202409.0,
65,202409.0,
66,202409.0,0.168
67,202409.0,0.24780000000000002
68,202409.0,0.7936
69,202409.0,0.48240000000000005
70,202409.0,0.032
71,202409.0,0.033
72,202409.0,0.165
73,202409.0,0.165
74,202409.0,
75,202410.0,1.1248
76,202410.0,0.432
77,202410.0,0.032
78,202409.0,0.07680000000000001
79,202409.0,0.07680000000000001
80,202409.0,
81,202409.0,0.0564
82,202409.0,0.3384
83,202409.0,0.1815
84,202409.0,0.07
85,202409.0,0.16
86,202409.0,0.22
87,202409.0,0.166
88,202409.0,0.177
89,202409.0,
90,202409.0,0.044
91,202409.0,0.84
92,202409.0,0.1184
93,202409.0,0.48
94,202409.0,0.116
95,202409.0,0.032
96,202409.0,0.07479999999999999
97,202409.0,1.14
98,202409.0,0.3976
99,202409.0,0.5964
100,202409.0,1.5912
101,202409.0,0.6188
102,202410.0,0.2912
103,202410.0,0.13439999999999996
104,202410.0,0.094
105,202410.0,0.094
106,202410.0,0.094
107,202410.0,0.432
108,202410.0,0.432
109,202410.0,0.288
110,202409.0,0.238
111,202409.0,0.0476
112,202409.0,0.0484
113,202409.0,0.242
114,202409.0,
115,202409.0,0.748
116,202409.0,0.29919999999999997
117,202409.0,0.5983999999999999
118,202409.0,0.032
119,202409.0,0.08
120,202409.0,0.032
121,202409.0,0.672
122,202409.0,0.346
123,202409.0,0.432
124,202409.0,
125,202410.0,0.7224
126,202410.0,0.7952
127,202410.0,0.552
128,202410.0,
129,202409.0,
130,202409.0,0.044
131,202409.0,0.264
132,202409.0,0.0738
133,202409.0,0.1635
134,202409.0,0.2912
135,202409.0,
136,202410.0,0.334
137,202410.0,0.196
138,202410.0,0.032
139,202410.0,0.72
140,202410.0,0.9016000000000002
141,202409.0,0.504
142,202409.0,0.504
143,202409.0,0.504
144,202409.0,0.504
145,202409.0,0.072
146,202409.0,0.032
147,202409.0,2.21
148,202409.0,0.3
149,202409.0,1.8
150,202409.0,0.258
151,202409.0,0.032
152,202409.0,0.392
153,202409.0,0.032
154,202409.0,0.062
155,202409.0,0.0484
156,202409.0,0.242
157,202409.0,0.8372
158,202409.0,0.0476
159,202409.0,0.1428
160,202409.0,0.032
161,202409.0,2.2512000000000003
162,202409.0,0.032
163,202409.0,2.3187999999999995
164,202410.0,0.224
165,202410.0,0.26
166,202410.0,0.66
167,202410.0,0.22
168,202410.0,0.1988
169,202410.0,0.5964
170,202409.0,0.054
171,202409.0,0.4
172,202409.0,0.63
173,202409.0,0.033
174,202409.0,0.033
175,202409.0,0.33
176,202409.0,0.044
177,202409.0,0.044
178,202409.0,0.352
179,202409.0,1.6576000000000002
180,202409.0,0.032
181,202410.0,0.032
182,202410.0,0.26680000000000004
183,202410.0,0.4752
184,202410.0,0.108
185,202410.0,0.36
186,202410.0,0.24
187,202501.0,0.432
188,202501.0,0.144
189,202501.0,0.09
190,202501.0,0.12
191,202501.0,0.033
192,202501.0,0.462
193,202501.0,0.4
194,202501.0,0.195
195,202409.0,0.032
196,202409.0,0.29919999999999997
197,202409.0,0.748
198,202409.0,0.8228
199,202409.0,0.07479999999999999
200,202409.0,0.2368
201,,0.114
202,,0.076
203,,0.152
204,202410.0,0.032
205,202410.0,0.0576
206,202410.0,0.064
207,202410.0,0.032
208,202410.0,1.12
209,202410.0,0.0296
210,202410.0,0.324
211,202410.0,0.032
212,202410.0,1.118
213,202410.0,0.27
214,202410.0,0.6
215,202410.0,0.39
216,202409.0,
217,202409.0,0.774
218,202409.0,0.032
219,202409.0,0.032
220,202409.0,2.0608
221,202409.0,0.644
222,202409.0,0.0476
223,202409.0,0.238
224,202409.0,0.0476
225,202409.0,0.0484
226,202409.0,0.242
227,202409.0,0.0484
228,202409.0,0.048
229,202409.0,0.145
230,202409.0,0.1296
231,202409.0,0.1296
232,202409.0,0.032
233,202409.0,0.017
234,202409.0,0.0356
235,202409.0,0.528
236,202409.0,0.165
237,202409.0,0.165
238,202408.0,0.184
239,202408.0,0.736
240,202408.0,1.032
241,202410.0,0.6731999999999999
242,202410.0,0.5983999999999999
243,202410.0,0.1114
244,202410.0,0.062
245,202410.0,0.032
246,202410.0,0.064
247,202410.0,0.096
248,202410.0,0.0692
249,202410.0,
250,202410.0,
251,202409.0,0.0484
252,202409.0,0.0484
253,202409.0,0.0476
254,202409.0,0.0476
255,202409.0,0.7936
256,202409.0,0.145
257,202409.0,0.322
258,202409.0,0.034
259,202409.0,0.032
260,202409.0,1.736
261,202409.0,0.032
262,202409.0,2.21
263,202409.0,0.552
264,202409.0,0.552
265,202409.0,1.008
266,202409.0,0.26520000000000005
267,202409.0,1.9448
268,202409.0,0.032
269,202409.0,0.456
270,202409.0,0.456
271,202409.0,0.109
272,202409.0,0.177
273,202409.0,0.63
274,202409.0,
275,202410.0,0.064
276,202410.0,1.38
277,202409.0,0.3388
278,202409.0,0.054
279,202409.0,1.476
280,202409.0,1.944
281,202410.0,0.0358
282,202410.0,0.064
283,202410.0,0.2244
284,202410.0,1.6456
285,202410.0,0.648
286,202410.0,1.638
287,202410.0,1.274
288,202410.0,0.252
289,202410.0,0.504
290,202410.0,0.036
291,202410.0,0.12
292,202410.0,0.30479999999999996
293,202410.0,0.15239999999999998
294,202410.0,0.14160000000000003
295,202410.0,0.1062
296,202410.0,0.14160000000000003
297,202410.0,0.354
298,202410.0,0.054
299,202410.0,0.054
300,202410.0,0.054
301,202410.0,0.2725
302,202410.0,0.0448
303,202410.0,0.224
304,202410.0,2.142
305,202410.0,0.032
306,202409.0,0.174
307,202409.0,0.174
308,202409.0,0.48240000000000005
309,202409.0,0.8304000000000001
310,202409.0,2.3316000000000003
311,202409.0,0.032
312,202409.0,
313,202409.0,
314,202409.0,
315,202409.0,
316,202410.0,2.28
317,202410.0,2.184
318,202410.0,1.456
319,202410.0,0.756
320,202410.0,1.755
321,202410.0,0.36
322,202410.0,
323,202410.0,0.567
324,202410.0,0.702
325,202410.0,2.142
326,202410.0,2.142
327,202412.0,0.38
328,202412.0,0.10959999999999999
329,202412.0,0.054799999999999995
330,202412.0,
331,202412.0,0.0348
332,202412.0,0.522
333,202412.0,0.123
334,202412.0,0.204
335,202410.0,0.102
336,202410.0,
337,202410.0,0.44
338,202410.0,
339,202410.0,0.7175999999999999
340,202409.0,0.032
341,202409.0,0.212
342,202409.0,0.92
343,202409.0,
344,202409.0,0.184
345,202409.0,0.152
346,202409.0,0.372
347,202412.0,0.714
348,202412.0,0.332
349,202412.0,0.924
350,202409.0,0.032
351,202409.0,2.1708000000000003
352,202409.0,0.038400000000000004
353,202409.0,0.8996000000000001
354,202409.0,1.1256000000000002
355,202409.0,0.032
356,202409.0,0.65
357,202409.0,0.15
358,202409.0,0.354
359,202409.0,0.27257
360,202409.0,
361,202409.0,
362,202409.0,0.504
363,202409.0,0.324
364,202409.0,0.07080000000000002
365,202409.0,1.872
366,202409.0,1.872
367,202410.0,2.09
368,202410.0,0.546
369,202410.0,0.6
370,202410.0,0.168
371,202410.0,0.882
372,202410.0,1.34
373,202410.0,
374,202409.0,0.154
375,202410.0,0.032
376,202410.0,0.064
377,202410.0,0.0208
378,202410.0,0.104
379,202410.0,0.104
380,202410.0,0.104
381,202410.0,0.16
382,202410.0,0.16
383,202410.0,0.2898
384,202410.0,0.152
385,202410.0,0.1596
386,202409.0,1.326
387,202409.0,0.6188
388,202409.0,0.032
389,202409.0,0.258
390,202410.0,0.498
391,202410.0,0.462
392,202410.0,0.154
393,202410.0,0.576
394,202410.0,0.22
395,202410.0,0.84
396,202410.0,0.42
397,202409.0,2.3316000000000003
398,202409.0,0.032
399,202409.0,0.032
400,202409.0,0.14959999999999998
401,202409.0,2.1692
402,202410.0,0.168
403,202410.0,0.308
404,202410.0,0.462
405,202410.0,0.616
406,202410.0,0.616
407,202410.0,0.132
408,,0.076
409,,0.038
410,,0.532
411,,0.152
412,,0.038
413,,0.076
414,,0.152
415,,0.152
416,,0.152
417,,0.152
418,,0.114
419,,0.114
420,202409.0,0.032
421,202409.0,0.43
422,202409.0,0.7072
423,202409.0,1.0608000000000002
424,202409.0,0.016
425,202409.0,0.08
426,202409.0,0.1932
427,202409.0,1.4812
428,202409.0,0.032
429,202409.0,0.07840000000000001
430,202409.0,
431,202410.0,
432,202410.0,0.192
433,202410.0,0.228
434,202410.0,0.476
435,202410.0,0.476
436,202410.0,0.032
437,202410.0,1.9494
438,202410.0,1.8126000000000002
439,202410.0,0.138
440,202410.0,0.032
441,202409.0,2.3187999999999995
442,202409.0,
443,202409.0,0.432
444,202409.0,0.054
445,202409.0,0.45
446,202409.0,0.462
447,202409.0,0.168
448,202409.0,0.12
449,202409.0,0.0308
450,202409.0,0.072
451,202409.0,0.8
452,202409.0,
453,202409.0,0.016
454,202409.0,0.07840000000000001
455,202409.0,0.196
456,202409.0,0.0952
457,202409.0,0.1904
458,202409.0,0.1904
459,202409.0,0.1936
460,202409.0,0.1114
461,202409.0,0.032
462,202409.0,1.4586
463,202409.0,0.8228
464,202410.0,0.022
465,202410.0,2.28
466,202410.0,0.882
467,202410.0,0.7152000000000001
468,202410.0,0.332
469,202410.0,0.09359999999999999
470,202410.0,0.166
471,202410.0,0.28320000000000006
472,202410.0,0.3136
473,202410.0,1.008
474,202410.0,0.3
475,202410.0,0.166
476,202409.0,0.2
477,202409.0,0.2
478,202409.0,0.2
479,202409.0,0.192
480,202409.0,0.288
481,202410.0,0.184
482,202410.0,0.22
483,202410.0,1.328
484,202409.0,0.032
485,202409.0,0.3315
486,202409.0,0.043
487,202409.0,0.516
488,202409.0,0.516
489,202409.0,0.086
490,202409.0,0.066
491,202409.0,0.198
492,202409.0,0.072
493,202409.0,
494,202409.0,0.11
495,202409.0,0.088
496,202409.0,0.11
497,202409.0,0.18
498,202409.0,0.504
499,202409.0,0.63
500,202409.0,0.154
501,202409.0,0.154
502,202409.0,0.03
503,202409.0,
504,202409.0,0.016
505,202409.0,0.0484
506,202409.0,0.16319999999999998
507,202409.0,0.0668
508,202409.0,1.4212
509,202409.0,0.5236000000000001
510,202409.0,0.099
511,202409.0,0.099
512,202409.0,0.032
513,202409.0,0.2304
514,202409.0,0.054
515,202409.0,0.1508
516,202409.0,0.08
517,202409.0,0.0136
518,202410.0,0.432
519,202410.0,0.0864
520,202410.0,0.032
521,202410.0,0.26
522,202410.0,0.792
523,202409.0,1.036
524,202409.0,0.032
525,202409.0,0.9723999999999999
526,202409.0,
527,202409.0,0.1635
528,202409.0,0.495
529,202409.0,0.1232
530,202409.0,0.0512
531,202409.0,0.075
532,202409.0,0.648
533,202409.0,0.039599999999999996
534,202409.0,0.0508
535,202409.0,
536,202409.0,1.944
537,202409.0,1.224
538,202409.0,0.354
539,202409.0,0.32
540,202409.0,0.52
541,202409.0,1.0752000000000002
542,202409.0,0.038400000000000004
543,202409.0,0.0356
544,202410.0,0.324
545,202410.0,
546,202410.0,
547,202410.0,
548,202410.0,
549,202410.0,
550,202410.0,
551,202410.0,
552,202410.0,
553,202410.0,
554,202410.0,
555,202410.0,
556,202410.0,
557,202410.0,0.532
558,202410.0,0.76
559,202410.0,0.494
560,202410.0,0.076
561,202410.0,0.076
562,202410.0,0.038
563,202410.0,0.038
564,202410.0,0.12660000000000002
565,202410.0,0.67
566,202410.0,1.23
567,202410.0,0.8
568,202410.0,0.5375999999999999
569,202410.0,0.2816
570,202410.0,0.088
571,202410.0,0.088
572,202410.0,0.0896
573,202410.0,0.20279999999999998
574,202410.0,0.112
575,202410.0,0.048
576,202410.0,0.4032
577,202410.0,0.894
578,202410.0,0.07479999999999999
579,202410.0,1.8703599999999998
580,202410.0,0.05
581,202410.0,0.0448
582,202410.0,1.728
583,202410.0,0.20279999999999998
584,202410.0,
585,202410.0,
586,202410.0,
587,202410.0,
588,202410.0,
589,202410.0,
590,202410.0,
591,202410.0,
592,202410.0,
593,202410.0,
594,202410.0,
595,202410.0,
596,202410.0,
597,202410.0,0.12
598,202410.0,0.4
599,202410.0,0.276
600,202410.0,0.828
601,202410.0,0.552
602,202410.0,0.2
603,202410.0,0.054
604,202410.0,0.07080000000000002
605,202410.0,0.88
606,202410.0,0.1024
607,202410.0,0.1024
608,202410.0,
609,202410.0,0.20279999999999998
610,202410.0,0.054
611,202410.0,0.054
612,202409.0,0.72
613,202409.0,0.92
614,202409.0,0.15360000000000001
615,202410.0,0.27
616,202410.0,0.819
617,202410.0,0.84
618,202410.0,0.67
619,202410.0,0.804
620,202410.0,0.55
621,202410.0,0.174
622,202410.0,0.174
623,202410.0,0.29
624,202410.0,0.056
625,202410.0,0.96
626,202410.0,0.36
627,202410.0,0.154
628,202410.0,0.44
629,202410.0,0.264
630,202410.0,
631,202410.0,
632,202410.0,0.351
633,202410.0,1.176
634,202410.0,0.1398
635,202410.0,0.1398
636,202410.0,0.0174
637,202410.0,0.0696
638,202410.0,0.5356000000000001
639,202410.0,0.17639999999999997
640,,
641,,0.206
642,,0.51
643,,0.192
644,,0.456
645,,0.28
646,202410.0,
647,202501.0,0.384
648,202501.0,0.36
649,202501.0,0.36
650,202501.0,0.56
651,202501.0,0.345
652,202501.0,0.46
653,202501.0,0.23
654,202501.0,1.12
655,202501.0,0.448
656,202410.0,0.416
657,202410.0,0.484
658,202410.0,0.0
659,202410.0,0.064
660,202410.0,0.39379999999999993
661,202410.0,2.002
662,202410.0,
663,202410.0,0.364
664,202410.0,1.782
665,202410.0,1.764
666,202410.0,0.378
667,202410.0,
668,202410.0,0.468
669,202410.0,0.528
670,202410.0,0.287
671,202410.0,0.376
672,202410.0,0.288
673,202410.0,1.08
674,,1.4168000000000003
675,,0.0644
676,,0.108
677,,0.032
678,,0.1508
679,202410.0,0.032
680,202409.0,0.032
681,202409.0,0.352
682,202409.0,0.2048
683,202409.0,0.14160000000000003
684,202409.0,0.616
685,202409.0,0.0308
686,202409.0,0.066
687,202409.0,
688,202409.0,1.944
689,202409.0,0.09
690,202409.0,0.48
691,202409.0,1.52
692,202412.0,0.34
693,202412.0,0.9
694,202412.0,0.10959999999999999
695,202412.0,0.10959999999999999
696,202412.0,0.10959999999999999
697,202412.0,0.464
698,202412.0,0.348
699,202412.0,0.232
700,202410.0,0.406
701,202410.0,0.348
702,202410.0,0.164
703,202410.0,0.123
704,202410.0,0.123
705,202410.0,0.041
706,202410.0,0.18159999999999998
707,202410.0,0.0174
708,202410.0,0.0432
709,202410.0,0.32409999999999994
710,202410.0,0.476
711,202412.0,0.0432
712,202412.0,0.1076
713,202412.0,0.24
714,202410.0,0.1068
715,202410.0,0.07
716,202410.0,0.152
717,202410.0,0.33
718,202410.0,
719,202410.0,
720,202411.0,0.324
721,202411.0,0.67
722,202411.0,0.342
723,202411.0,0.238
724,202411.0,0.404
725,202410.0,0.216
726,202410.0,0.198
727,202410.0,0.032
728,202410.0,0.11760000000000001
729,202410.0,0.07840000000000001
730,202410.0,0.07840000000000001
731,202410.0,0.124
732,202410.0,0.224
733,202410.0,0.0346
734,202410.0,0.84
735,202411.0,0.52
736,202411.0,0.26
737,202411.0,0.494
738,202411.0,0.266
739,202411.0,
740,202411.0,
741,202411.0,0.39
742,202411.0,0.65
743,202411.0,0.552
744,202411.0,0.552
745,202411.0,0.268
746,202411.0,0.3
747,202411.0,0.3
748,202410.0,2.0608
749,202410.0,2.052
750,202410.0,0.032
751,202410.0,0.064
752,202410.0,0.039200000000000006
753,202410.0,1.0948000000000002
754,202410.0,0.6
755,202410.0,1.394
756,202410.0,0.246
757,202410.0,
758,202410.0,
759,202410.0,
760,202410.0,
761,202410.0,
762,202410.0,
763,202410.0,0.195
764,202410.0,0.33
765,202410.0,0.032
766,202410.0,0.588
767,202410.0,0.196
768,202410.0,0.27440000000000003
769,202410.0,0.15680000000000002
770,202410.0,0.14959999999999998
771,202410.0,0.39
772,202410.0,0.39
773,202410.0,0.48
774,202410.0,0.4
775,202410.0,
776,202410.0,0.602
777,202410.0,0.032
778,202410.0,0.032
779,202410.0,0.884
780,202410.0,1.326
781,202501.0,0.345
782,202410.0,0.054
783,202410.0,0.8
784,202410.0,0.04
785,202410.0,0.04
786,202410.0,0.44
787,202410.0,0.648
788,202410.0,0.738
789,202410.0,0.64
790,202410.0,0.0896
791,202410.0,0.195
792,202410.0,0.5588
793,202410.0,0.1016
794,202410.0,0.1016
795,202410.0,0.2032
796,202410.0,0.0896
797,202410.0,0.07919999999999999
798,202410.0,0.0704
799,202410.0,0.072
800,202410.0,0.468
801,202411.0,0.99
802,202411.0,0.342
803,202411.0,
804,202411.0,0.595
805,202410.0,0.714
806,202410.0,0.238
807,202410.0,0.119
808,202410.0,0.134
809,202410.0,0.268
810,202410.0,0.432
811,202410.0,0.286
812,202410.0,0.0688
813,202410.0,0.0688
814,202410.0,0.1016
815,202410.0,0.066
816,202410.0,0.0958
817,202410.0,0.045399999999999996
818,202410.0,0.2724
819,202410.0,0.1398
820,202410.0,0.1398
821,202410.0,0.1864
822,202410.0,0.054
823,202410.0,0.245
824,202410.0,0.246
825,202410.0,0.123
826,202410.0,0.41
827,202410.0,0.287
828,202410.0,0.1336
829,202410.0,0.032
830,202410.0,0.099
831,202410.0,0.066
832,202410.0,0.42
833,202410.0,0.0692
834,202410.0,
835,202410.0,0.84
836,202410.0,0.0688
837,202410.0,0.072
838,202410.0,0.234
839,202410.0,0.0732
840,202410.0,
841,202410.0,0.54
842,202410.0,
843,202410.0,0.2816
844,202410.0,0.4272
845,202410.0,0.324
846,202410.0,0.054
847,202410.0,0.054
848,202410.0,0.7615999999999999
849,202410.0,0.0448
850,202411.0,0.315
851,202412.0,0.07959999999999999
852,202412.0,0.1398
853,202412.0,0.1398
854,202412.0,1.08
855,202412.0,0.1644
856,202412.0,0.054799999999999995
857,202412.0,0.058
858,202410.0,1.092
859,202410.0,0.756
860,202410.0,0.396
861,202410.0,0.166
862,202410.0,0.083
863,202410.0,0.504
864,202410.0,0.288
865,202410.0,0.1068
866,202410.0,0.216
867,202410.0,0.054
868,202410.0,
869,202410.0,0.15239999999999998
870,202410.0,0.108
871,202410.0,1.568
872,202410.0,0.42
873,202410.0,0.216
874,202502.0,0.288
875,202502.0,0.096
876,202502.0,0.28
877,202502.0,0.444
878,202502.0,0.952
879,202410.0,0.032
880,202410.0,2.0196
881,202410.0,0.29919999999999997
882,202410.0,0.064
883,202410.0,0.16
884,202410.0,0.032
885,202409.0,1.7952
886,202409.0,0.5236000000000001
887,202409.0,0.032
888,202409.0,0.6726
889,202409.0,0.28
890,202409.0,0.9652
891,202409.0,0.07919999999999999
892,202409.0,0.24
893,202409.0,0.0308
894,202409.0,0.07080000000000002
895,202409.0,0.7896
896,202409.0,0.033
897,202409.0,0.0864
898,202409.0,0.2725
899,202409.0,0.07680000000000001
900,202409.0,0.17920000000000003
901,202409.0,0.464
902,202409.0,0.112
903,202409.0,0.032799999999999996
904,202409.0,0.135
905,202409.0,0.1398
906,202409.0,0.28
907,202409.0,0.14
908,202409.0,0.07
909,202409.0,0.049
910,202409.0,0.049
911,202409.0,0.18
912,202409.0,0.27
913,202409.0,0.09
914,202409.0,0.09
915,202501.0,0.44
916,202501.0,0.134
917,202501.0,0.134
918,202501.0,0.104
919,202410.0,0.692
920,202410.0,0.6505599999999999
921,202410.0,0.09
922,202410.0,0.3
923,202410.0,0.30639999999999995
924,202410.0,0.054
925,202410.0,0.27
926,202410.0,0.054
927,202410.0,0.33
928,202410.0,0.304
929,202410.0,0.05
930,202410.0,0.032
931,202410.0,0.096
932,202410.0,0.6292
933,202410.0,1.1356
934,202410.0,
935,202410.0,0.036
936,202410.0,
937,202410.0,
938,202410.0,
939,202410.0,
940,202410.0,
941,202410.0,0.4488
942,202410.0,1.7952
943,202410.0,0.032
944,202410.0,0.688
945,202410.0,0.032
946,202410.0,0.774
947,202410.0,0.774
948,202411.0,1.56
949,202411.0,0.38
950,202411.0,0.19
951,202411.0,0.945
952,202411.0,1.1
953,202411.0,0.268
954,202411.0,0.1728
955,202411.0,0.252
956,202411.0,0.315
957,202411.0,0.189
958,202411.0,0.189
959,202411.0,0.63
960,202411.0,0.14
961,202410.0,0.82
962,202410.0,0.228
963,202410.0,0.266
964,202410.0,0.076
965,202410.0,
966,202410.0,
967,202410.0,
968,202410.0,
969,202410.0,0.076
970,202410.0,0.076
971,202410.0,0.494
972,202410.0,0.325
973,202410.0,0.404
974,202411.0,1.68
975,202411.0,0.032
976,202411.0,0.2244
977,202410.0,0.0484
978,202410.0,0.0968
979,202410.0,0.0484
980,202410.0,0.5099999999999999
981,202410.0,0.040799999999999996
982,202410.0,0.032
983,202410.0,
984,202410.0,0.462
985,202410.0,0.132
986,202410.0,0.264
987,202410.0,0.363
988,202410.0,0.627
989,202411.0,0.67
990,202411.0,0.054
991,202411.0,0.328
992,202411.0,0.656
993,202411.0,2.3187999999999995
994,202411.0,0.032
995,202411.0,0.032
996,202411.0,1.5224000000000002
997,202411.0,0.3216
998,202411.0,0.714
999,202411.0,0.952
1000,202411.0,0.119
1001,202411.0,0.576
1002,202411.0,0.096
1003,202411.0,0.3
1004,202411.0,0.376
1005,202411.0,0.309
1006,202411.0,0.3976
1007,202412.0,
1008,202412.0,
1009,202412.0,0.33
1010,202412.0,0.402
1011,202412.0,1.206
1012,202411.0,0.324
1013,202411.0,0.032
1014,202411.0,1.456
1015,202411.0,2.3187999999999995
1016,202411.0,0.032
1017,,0.546
1018,,
1019,202411.0,0.156
1020,202411.0,0.117
1021,202411.0,0.117
1022,202411.0,0.117
1023,202409.0,0.6
1024,202409.0,0.0224
1025,202409.0,0.224
1026,202409.0,0.0224
1027,202409.0,0.264
1028,202409.0,0.15239999999999998
1029,202409.0,0.264
1030,202409.0,0.176
1031,202409.0,0.8
1032,202409.0,0.936
1033,202410.0,1.52
1034,202410.0,
1035,202410.0,0.36
1036,202410.0,0.376
1037,202410.0,0.188
1038,202410.0,0.36
1039,202410.0,0.27
1040,202410.0,0.54
1041,202410.0,1.206
1042,202410.0,0.1392
1043,202410.0,0.0432
1044,202410.0,0.0432
1045,202410.0,0.2152
1046,202410.0,0.123
1047,202410.0,0.09079999999999999
1048,202410.0,0.09079999999999999
1049,202410.0,
1050,202410.0,2.184
1051,202410.0,2.142
1052,202410.0,0.032
1053,202410.0,2.3187999999999995
1054,202410.0,0.032
1055,202410.0,0.036
1056,202410.0,0.384
1057,202410.0,
1058,202410.0,0.0616
1059,202410.0,0.0246
1060,202410.0,0.15239999999999998
1061,202410.0,0.054
1062,202410.0,
1063,202410.0,0.20279999999999998
1064,202410.0,
1065,202410.0,
1066,202410.0,0.312
1067,202410.0,0.266
1068,202410.0,0.038
1069,202410.0,0.054
1070,202410.0,0.7152000000000001
1071,202410.0,0.332
1072,202410.0,0.09839999999999999
1073,202410.0,0.2874
1074,202410.0,0.2724
1075,202410.0,0.2724
1076,202410.0,0.2628
1077,202410.0,
1078,202410.0,0.0348
1079,202410.0,0.1398
1080,202410.0,0.1864
1081,202410.0,0.108
1082,202410.0,0.09720000000000001
1083,202410.0,0.5032000000000001
1084,202410.0,0.0464
1085,202410.0,1.4212
1086,202410.0,0.064
1087,202410.0,0.064
1088,202410.0,0.032
1089,202410.0,2.3187999999999995
1090,202410.0,0.032
1091,202410.0,0.36
1092,202410.0,0.16
1093,202410.0,0.08
1094,202410.0,0.12
1095,202410.0,0.054
1096,202410.0,0.054
1097,202410.0,
1098,202410.0,
1099,202410.0,0.48
1100,202410.0,0.1376
1101,202410.0,0.88
1102,202410.0,0.484
1103,202410.0,1.016
1104,202410.0,0.4572
1105,202410.0,0.492
1106,202411.0,0.22
1107,202411.0,0.232
1108,202411.0,0.986
1109,202411.0,0.868
1110,202411.0,0.027800000000000002
1111,202410.0,0.054
1112,202410.0,0.054
1113,202410.0,0.054
1114,202410.0,0.054
1115,202410.0,0.054
1116,202410.0,0.054
1117,202410.0,0.054
1118,202410.0,0.054
1119,202410.0,0.054
1120,202410.0,0.045
1121,202410.0,0.03
1122,202410.0,0.42
1123,202410.0,0.8
1124,202411.0,
1125,202411.0,
1126,202411.0,0.09079999999999999
1127,202411.0,0.045399999999999996
1128,202411.0,0.224
1129,202411.0,0.364
1130,202411.0,0.2724
1131,202501.0,0.345
1132,202501.0,0.13889999999999997
1133,202501.0,
1134,202501.0,
1135,202411.0,0.123
1136,202411.0,0.054
1137,202411.0,0.432
1138,202411.0,0.32409999999999994
1139,202411.0,0.18519999999999998
1140,202411.0,0.2315
1141,202411.0,0.3178
1142,202411.0,0.328
1143,202411.0,0.3708
1144,202412.0,0.714
1145,202412.0,0.304
1146,202412.0,0.336
1147,202412.0,0.368
1148,202412.0,
1149,202411.0,0.096
1150,202411.0,0.48
1151,202411.0,0.184
1152,202411.0,0.372
1153,202411.0,0.372
1154,202411.0,0.0322
1155,202411.0,0.036
1156,202411.0,0.3528
1157,202411.0,0.112
1158,202410.0,0.8372
1159,202410.0,0.16263999999999998
1160,202410.0,0.48
1161,202410.0,0.21
1162,202410.0,0.07
1163,202410.0,0.216
1164,202410.0,0.981
1165,202410.0,0.096
1166,202410.0,0.264
1167,202410.0,0.15239999999999998
1168,202410.0,
1169,202410.0,0.032
1170,202410.0,0.036
1171,202410.0,
1172,202410.0,
1173,202410.0,
1174,202410.0,
1175,202410.0,
1176,202410.0,0.6
1177,202410.0,0.4
1178,202410.0,0.9265
1179,202410.0,0.216
1180,202410.0,0.054
1181,202410.0,0.054
1182,202410.0,0.054
1183,202410.0,0.054
1184,202410.0,0.054
1185,202410.0,0.054
1186,202410.0,0.054
1187,202410.0,0.0246
1188,202410.0,
1189,202410.0,0.195
1190,202410.0,0.585
1191,202410.0,
1192,202501.0,0.19
1193,202501.0,0.95
1194,202501.0,
1195,202501.0,0.054799999999999995
1196,,0.09
1197,,0.09
1198,,0.09
1199,,0.09
1200,,1.1
1201,,0.11
1202,,0.55
1203,202411.0,0.684
1204,202411.0,0.456
1205,202411.0,0.184
1206,202411.0,
1207,202411.0,0.327
1208,202411.0,0.344
1209,,0.3976
1210,,0.6
1211,,1.19
1212,202411.0,0.404
1213,202411.0,0.119
1214,202411.0,0.238
1215,202411.0,0.268
1216,202411.0,0.268
1217,202411.0,
1218,202411.0,
1219,202411.0,0.076
1220,202411.0,0.076
1221,202411.0,0.266
1222,202411.0,0.252
1223,202411.0,0.03
1224,202411.0,0.06
1225,202411.0,0.498
1226,202411.0,0.12
1227,202501.0,0.88
1228,202501.0,0.23
1229,202501.0,0.22
1230,202410.0,0.252
1231,202410.0,0.054
1232,202410.0,0.894
1233,202410.0,
1234,202410.0,0.15519999999999998
1235,202410.0,0.0448
1236,202410.0,0.09079999999999999
1237,202410.0,
1238,202410.0,0.406
1239,202410.0,0.232
1240,202410.0,0.108
1241,202410.0,0.09720000000000001
1242,202410.0,0.174
1243,202410.0,0.2315
1244,202410.0,0.308
1245,202410.0,0.14
1246,202411.0,0.204
1247,202411.0,0.0348
1248,202411.0,0.09259999999999999
1249,202411.0,0.54
1250,202411.0,
1251,202411.0,
1252,202411.0,0.10959999999999999
1253,,0.08131999999999999
1254,,2.0608
1255,,0.032
1256,202410.0,1.188
1257,202410.0,0.312
1258,202410.0,
1259,202410.0,0.332
1260,202410.0,0.177
1261,202410.0,0.13
1262,202410.0,0.054
1263,202410.0,
1264,202410.0,
1265,202410.0,
1266,202410.0,
1267,202410.0,0.268
1268,202410.0,0.574
1269,202410.0,0.119
1270,202410.0,
1271,202410.0,0.312
1272,202410.0,0.0616
1273,202410.0,
1274,202410.0,0.3584
1275,202410.0,0.044
1276,202410.0,1.456
1277,202410.0,
1278,202410.0,0.32
1279,,0.08
1280,,
1281,,0.54
1282,,0.066
1283,,0.312
1284,,0.168
1285,,0.044
1286,,0.1016
1287,,0.15239999999999998
1288,202410.0,
1289,202410.0,
1290,202410.0,
1291,202410.0,
1292,202410.0,
1293,202410.0,0.72
1294,202410.0,0.6
1295,202410.0,0.33
1296,202411.0,0.252
1297,202411.0,
1298,202411.0,0.0512
1299,202411.0,0.07680000000000001
1300,202411.0,0.1024
1301,202411.0,0.162
1302,202411.0,0.189
1303,202411.0,0.402
1304,202411.0,0.67
1305,202411.0,0.357
1306,202411.0,0.328
1307,202411.0,0.27
1308,,0.432
1309,,0.462
1310,,
1311,,
1312,,0.066
1313,,0.264
1314,202411.0,0.032
1315,202411.0,2.3187999999999995
1316,202411.0,0.189
1317,202411.0,0.68
1318,202411.0,0.78
1319,202411.0,0.32
1320,202411.0,
1321,202411.0,0.846
1322,202412.0,1.232
1323,202412.0,
1324,202412.0,0.14
1325,202412.0,0.14
1326,202411.0,0.51
1327,202411.0,0.166
1328,202411.0,0.498
1329,202411.0,0.09079999999999999
1330,202411.0,0.0876
1331,202410.0,0.4
1332,202410.0,0.04
1333,202410.0,0.5888000000000001
1334,202410.0,0.44
1335,202410.0,0.264
1336,202411.0,0.26
1337,202411.0,0.108
1338,202411.0,0.054
1339,202411.0,0.266
1340,202411.0,0.076
1341,202411.0,0.304
1342,202411.0,0.152
1343,202411.0,0.246
1344,202411.0,0.119
1345,202411.0,0.119
1346,202411.0,0.238
1347,202410.0,0.616
1348,202410.0,0.253
1349,202410.0,0.044
1350,202410.0,0.022
1351,202410.0,
1352,202410.0,0.054
1353,202410.0,0.218
1354,202410.0,0.0508
1355,202410.0,2.3187999999999995
1356,202410.0,0.032
1357,202411.0,1.5028000000000001
1358,202411.0,0.032
1359,202411.0,
1360,202411.0,0.132
1361,202411.0,0.528
1362,202411.0,0.264
1363,202411.0,0.198
1364,202411.0,0.264
1365,202411.0,0.287
1366,202411.0,0.246
1367,202412.0,0.246
1368,202412.0,0.0432
1369,202412.0,0.0432
1370,202412.0,0.0432
1371,202412.0,0.0432
1372,202412.0,0.0876
1373,202412.0,
1374,202412.0,
1375,202412.0,0.35879999999999995
1376,202411.0,0.496
1377,202411.0,
1378,202411.0,0.376
1379,202411.0,0.032
1380,202412.0,
1381,202411.0,1.7848
1382,202411.0,0.27
1383,202411.0,0.664
1384,202411.0,0.304
1385,202411.0,0.756
1386,202411.0,1.7848
1387,202501.0,1.848
1388,202501.0,0.364
1389,202412.0,0.087
1390,202412.0,0.0588
1391,202412.0,0.164
1392,202412.0,0.2152
1393,202412.0,0.24
1394,202412.0,0.108
1395,202412.0,0.188
1396,202412.0,0.76
1397,202412.0,0.27
1398,202410.0,0.264
1399,202410.0,0.264
1400,202410.0,0.264
1401,202410.0,0.032
1402,202410.0,0.14959999999999998
1403,202410.0,2.0944000000000003
1404,202410.0,0.032
1405,202410.0,0.8
1406,202410.0,0.033
1407,202410.0,0.15120000000000003
1408,202410.0,0.15120000000000003
1409,202410.0,0.0432
1410,202410.0,0.38480000000000003
1411,202411.0,0.208
1412,202411.0,1.98
1413,202501.0,0.416
1414,202501.0,0.57
1415,202501.0,
1416,202501.0,0.57
1417,202501.0,0.46
1418,202411.0,0.664
1419,202411.0,0.648
1420,202411.0,0.81
1421,202411.0,0.824
1422,202411.0,0.812
1423,202411.0,0.812
1424,202411.0,0.032
1425,202411.0,0.748
1426,202411.0,1.496
1427,202411.0,2.244
1428,202411.0,0.032
1429,202411.0,0.032
1430,202411.0,2.244
1431,202410.0,0.1932
1432,202410.0,
1433,202410.0,
1434,202410.0,0.264
1435,202410.0,0.15360000000000001
1436,202410.0,0.054
1437,202410.0,0.054
1438,202410.0,0.54
1439,202410.0,0.114
1440,202410.0,0.38
1441,202410.0,0.152
1442,202410.0,0.456
1443,202410.0,0.114
1444,202410.0,0.114
1445,202410.0,0.152
1446,202410.0,0.152
1447,202410.0,0.076
1448,202410.0,0.076
1449,202410.0,0.076
1450,202410.0,0.076
1451,202410.0,0.076
1452,202410.0,0.076
1453,202410.0,0.468
1454,202410.0,0.504
1455,202410.0,0.616
1456,202410.0,0.264
1457,202410.0,0.176
1458,202410.0,0.076
1459,202410.0,0.266
1460,202410.0,0.038
1461,202410.0,0.076
1462,202410.0,0.552
1463,202410.0,0.52
1464,202410.0,0.26
1465,202410.0,0.325
1466,202410.0,0.392
1467,202411.0,0.195
1468,202411.0,0.32
1469,202411.0,0.16
1470,202411.0,0.1016
1471,202411.0,0.109
1472,202411.0,0.4704
1473,202411.0,0.022
1474,202411.0,0.022
1475,202411.0,0.408
1476,202411.0,0.16319999999999998
1477,202411.0,0.039200000000000006
1478,202411.0,0.0224
1479,202411.0,0.672
1480,202411.0,0.06719999999999998
1481,202411.0,0.336
1482,202411.0,
1483,202411.0,
1484,202411.0,
1485,202411.0,1.7848
1486,202411.0,1.8235999999999999
1487,202412.0,1.188
1488,202412.0,0.54
1489,,0.208
1490,,
1491,,0.22
1492,,0.27
1493,,0.27
1494,,0.324
1495,,0.27779999999999994
1496,202501.0,0.115
1497,202501.0,0.041
1498,202501.0,0.07959999999999999
1499,202501.0,0.17
1500,202501.0,0.166
1501,202501.0,0.166
1502,202410.0,0.032
1503,202410.0,0.416
1504,202410.0,0.84
1505,202410.0,2.1456
1506,202411.0,0.2768
1507,202411.0,0.032
1508,202411.0,1.0304
1509,202411.0,0.0476
1510,202411.0,0.56
1511,202411.0,0.896
1512,202411.0,0.4864
1513,202411.0,0.134
1514,202411.0,0.22
1515,202411.0,0.232
1516,,0.4004
1517,,0.1216
1518,,0.052199999999999996
1519,,0.448
1520,,0.92
1521,,0.11
1522,202502.0,0.46
1523,202502.0,0.938
1524,202502.0,0.36
1525,202502.0,0.36
1526,,0.268
1527,,0.268
1528,,1.495
1529,,0.112
1530,202412.0,0.102
1531,202412.0,0.102
1532,202412.0,0.102
1533,202412.0,0.18
1534,202412.0,0.986
1535,202412.0,0.41859999999999997
1536,202412.0,0.216
1537,202501.0,0.224
1538,202501.0,0.056
1539,202501.0,0.812
1540,202411.0,2.0
1541,202412.0,0.468
1542,202412.0,0.216
1543,202412.0,0.432
1544,202412.0,0.54
1545,202412.0,0.216
1546,202501.0,
1547,202501.0,0.108
1548,202501.0,0.33
1549,202501.0,
1550,202501.0,0.486
1551,202501.0,0.656
1552,202501.0,
1553,202501.0,
1554,202501.0,
1555,202412.0,
1556,202412.0,0.656
1557,202412.0,
1558,202412.0,1.476
1559,202412.0,0.246
1560,202501.0,0.4768
1561,202501.0,0.372
1562,202501.0,0.552
1563,202501.0,0.504
1564,202501.0,0.184
1565,202412.0,
1566,202411.0,1.96
1567,202411.0,0.54
1568,202411.0,
1569,202412.0,
1570,202412.0,0.48
1571,202412.0,0.268
1572,202412.0,0.402
1573,202412.0,1.344
1574,202412.0,0.3708
1575,202411.0,
1576,202411.0,
1577,202411.0,1.48
1578,202411.0,
1579,202411.0,1.7848
1580,202501.0,0.84
1581,202501.0,0.84
1582,202501.0,0.504
1583,202501.0,0.672
1584,202501.0,0.15
1585,202501.0,0.06
1586,202501.0,0.77
1587,202501.0,0.32
1588,202411.0,0.9648000000000001
1589,202411.0,0.66
1590,202411.0,0.055
1591,202411.0,0.032
1592,202412.0,0.032
1593,202412.0,0.3388
1594,202412.0,0.396
1595,202412.0,0.432
1596,202412.0,0.108
1597,202412.0,0.612
1598,202412.0,0.134
1599,202412.0,0.804
1600,202412.0,0.48
1601,202412.0,0.16
1602,202412.0,0.476
1603,202411.0,0.476
1604,202411.0,0.404
1605,202412.0,0.032
1606,202412.0,0.172
1607,202412.0,2.15
1608,202412.0,1.89
1609,202412.0,
1610,202412.0,0.28320000000000006
1611,202501.0,0.7896
1612,202501.0,1.388
1613,202412.0,
1614,202501.0,0.6372000000000001
1615,202501.0,0.24780000000000002
1616,202501.0,1.008
1617,202501.0,0.308
1618,202501.0,1.092
1619,202501.0,0.486
1620,202501.0,
1621,202501.0,0.16
1622,202501.0,0.42
1623,202501.0,0.84
1624,202501.0,1.38
1625,202501.0,
1626,202501.0,
1627,202501.0,
1628,202501.0,1.824
1629,202501.0,0.336
1630,202501.0,0.0756
1631,202501.0,0.16
1632,202501.0,0.020399999999999998
1633,202501.0,0.25839999999999996
1634,202501.0,0.171
1635,202501.0,0.1672
1636,202501.0,0.032
1637,202501.0,0.038400000000000004
1638,202501.0,0.054
1639,202411.0,0.328
1640,202411.0,0.32
1641,202411.0,0.345
1642,202501.0,0.952
1643,202501.0,0.476
1644,202501.0,0.119
1645,202501.0,0.238
1646,202501.0,0.119
1647,202501.0,0.119
1648,202501.0,
1649,202411.0,1.728
1650,,0.805
1651,,0.408
1652,,0.1216
1653,,0.0348
1654,,0.7774
1655,202501.0,
1656,202411.0,
1657,202411.0,
1658,202411.0,
1659,202412.0,
1660,202501.0,
1661,202412.0,0.032
1662,202412.0,0.3536
1663,202412.0,1.9448
1664,202411.0,1.36
1665,202411.0,0.52
1666,202501.0,
1667,,
1668,,
1669,202412.0,
1670,202412.0,0.032
1671,202412.0,
1672,202411.0,2.142
1673,202412.0,0.476
1674,202412.0,0.7
1675,202412.0,0.304
1676,202412.0,0.336
1677,202412.0,0.096
1678,202411.0,0.328
1679,202411.0,0.714
1680,202411.0,0.714
1681,202411.0,0.032
1682,202411.0,0.7266
1683,202411.0,0.048
1684,202411.0,0.9758399999999999
1685,202411.0,0.072
1686,202411.0,0.072
1687,202411.0,0.708
1688,202411.0,0.4
1689,202411.0,
1690,202411.0,0.64
1691,202411.0,0.88
1692,202411.0,0.22
1693,202411.0,0.134
1694,202411.0,0.67
1695,202411.0,0.268
1696,202411.0,0.82
1697,202411.0,0.268
1698,202411.0,0.268
1699,202411.0,0.266
1700,202411.0,
1701,202411.0,
1702,202411.0,0.13
1703,202411.0,0.66
1704,202412.0,0.5
1705,202412.0,0.17
1706,202410.0,1.70772
1707,202410.0,0.456
1708,202410.0,0.8735999999999999
1709,202410.0,0.6006
1710,202410.0,0.032
1711,202410.0,0.076
1712,202410.0,0.076
1713,202410.0,0.032
1714,202410.0,1.026
1715,202410.0,0.076
1716,202410.0,0.152
1717,202410.0,0.081
1718,202410.0,0.108
1719,202410.0,0.108
1720,202410.0,0.303
1721,202410.0,
1722,202410.0,
1723,202410.0,0.19
1724,202410.0,0.19
1725,202410.0,0.114
1726,202410.0,0.076
1727,202410.0,0.076
1728,202410.0,0.038
1729,202410.0,0.114
1730,202410.0,0.152
1731,202410.0,0.114
1732,202410.0,0.076
1733,202410.0,0.076
1734,202410.0,0.25320000000000004
1735,202410.0,0.32
1736,202410.0,0.328
1737,202410.0,0.82
1738,202410.0,0.22
1739,202410.0,0.44
1740,202410.0,
1741,202411.0,1.496
1742,202411.0,0.032
1743,,0.11760000000000001
1744,,0.196
1745,,0.7728
1746,,0.032
1747,,0.23520000000000002
1748,,0.15680000000000002
1749,,0.198
1750,202411.0,0.032
1751,202411.0,0.14959999999999998
1752,202411.0,2.1692
1753,202410.0,0.032
1754,202410.0,0.322
1755,202410.0,0.6505599999999999
1756,202410.0,0.9758399999999999
1757,202411.0,0.032
1758,202411.0,2.3316000000000003
1759,202411.0,1.211
1760,202411.0,0.032
1761,202411.0,0.064
1762,202411.0,0.096
1763,202411.0,0.096
1764,202411.0,
1765,202411.0,0.7168000000000001
1766,202411.0,0.072
1767,202411.0,0.078
1768,202411.0,
1769,202501.0,0.336
1770,202501.0,0.444
1771,202501.0,0.452
1772,202501.0,0.452
1773,202501.0,0.448
1774,202412.0,0.896
1775,202412.0,1.09
1776,202410.0,
1777,202410.0,0.234
1778,202410.0,0.15239999999999998
1779,202410.0,0.15239999999999998
1780,202410.0,0.777
1781,202410.0,0.032
1782,202410.0,0.1904
1783,202410.0,
1784,202410.0,
1785,202410.0,
1786,202410.0,0.054
1787,202410.0,0.054
1788,202410.0,0.054
1789,202410.0,0.054
1790,202410.0,0.054
1791,202410.0,
1792,202410.0,
1793,202410.0,0.264
1794,202410.0,0.21
1795,202410.0,0.462
1796,202410.0,0.234
1797,202410.0,0.195
1798,202411.0,0.201
1799,202411.0,0.19
1800,202411.0,0.266
1801,202411.0,
1802,202411.0,0.325
1803,202411.0,
1804,202411.0,
1805,202410.0,0.336
1806,202410.0,1.65
1807,202410.0,0.032
1808,202410.0,0.154
1809,202410.0,0.088
1810,202412.0,0.34
1811,202412.0,0.204
1812,202411.0,0.675
1813,202411.0,0.56
1814,202411.0,0.408
1815,202411.0,0.408
1816,202411.0,0.3296
1817,202411.0,0.287
1818,202411.0,0.268
1819,202411.0,
1820,202411.0,0.986
1821,202412.0,
1822,202411.0,0.12
1823,202411.0,0.54
1824,202411.0,1.08
1825,202411.0,2.12
1826,202411.0,1.7848
1827,202411.0,1.8235999999999999
1828,202411.0,0.6144000000000001
1829,202411.0,0.16
1830,202411.0,0.75
1831,202411.0,1.7848
1832,202412.0,0.033
1833,202412.0,0.312
1834,202412.0,0.664
1835,202412.0,0.072
1836,202412.0,0.06
1837,202412.0,0.894
1838,202412.0,0.616
1839,202412.0,0.182
1840,202412.0,0.0508
1841,202412.0,0.06
1842,202412.0,0.6
1843,202412.0,0.117
1844,202410.0,0.07840000000000001
1845,202410.0,0.11760000000000001
1846,202410.0,0.032
1847,202410.0,0.0476
1848,202410.0,0.6188
1849,202410.0,0.0476
1850,202410.0,0.1904
1851,202410.0,0.5712
1852,202410.0,0.022
1853,202410.0,0.9408
1854,202410.0,0.894
1855,202410.0,0.20279999999999998
1856,202411.0,0.164
1857,202411.0,0.032
1858,202411.0,0.594
1859,202411.0,
1860,202411.0,0.162
1861,202411.0,0.162
1862,202411.0,0.162
1863,202411.0,0.402
1864,202410.0,0.938
1865,202410.0,
1866,202410.0,0.606
1867,202410.0,0.4
1868,202410.0,0.64
1869,202410.0,0.16
1870,202410.0,0.36
1871,202411.0,1.08
1872,202411.0,0.2
1873,202411.0,0.1
1874,202411.0,
1875,202411.0,0.086
1876,202411.0,0.516
1877,202411.0,
1878,202411.0,
1879,202411.0,
1880,202411.0,0.51
1881,202411.0,0.288
1882,202411.0,0.4768
1883,202411.0,0.8344
1884,202411.0,0.066
1885,202411.0,0.231
1886,202411.0,1.155
1887,202411.0,0.41520000000000007
1888,202411.0,0.032
1889,202411.0,0.728
1890,202411.0,0.6372000000000001
1891,202411.0,0.072
1892,202411.0,0.14160000000000003
1893,202411.0,0.06
1894,202411.0,
1895,202411.0,0.2032
1896,202411.0,0.6
1897,202411.0,0.07080000000000002
1898,202411.0,0.105
1899,202411.0,0.07
1900,202411.0,0.188
1901,202411.0,0.176
1902,202411.0,0.2725
1903,202411.0,0.156
1904,202411.0,0.162
1905,202411.0,0.119
1906,202411.0,0.476
1907,202411.0,
1908,202411.0,0.096
1909,202411.0,0.576
1910,202411.0,0.096
1911,202411.0,0.576
1912,202411.0,0.032
1913,202411.0,0.052199999999999996
1914,202411.0,0.0174
1915,202411.0,0.0174
1916,202411.0,0.1216
1917,202411.0,0.1216
1918,202411.0,0.0432
1919,202411.0,0.0432
1920,202411.0,0.0432
1921,202411.0,0.2315
1922,202411.0,0.6945
1923,202411.0,0.7774
1924,202411.0,0.648
1925,202411.0,0.108
1926,202411.0,0.648
1927,202411.0,0.416
1928,202411.0,0.208
1929,202411.0,0.104
1930,202411.0,0.416
1931,202411.0,0.416
1932,202411.0,0.44
1933,202411.0,0.44
1934,202411.0,
1935,202411.0,0.308
1936,202411.0,0.308
1937,202411.0,0.104
1938,202411.0,0.42
1939,202411.0,0.42
1940,202411.0,0.405
1941,202411.0,0.135
1942,202411.0,0.032
1943,202411.0,2.244
1944,202411.0,0.032
1945,202411.0,2.1252000000000004
1946,202411.0,0.117
1947,202411.0,0.39
1948,202411.0,1.0303999999999998
1949,202411.0,0.117
1950,202411.0,
1951,202412.0,0.032
1952,202412.0,0.198
1953,202412.0,0.396
1954,202412.0,0.648
1955,202412.0,0.108
1956,202412.0,0.432
1957,202501.0,
1958,202411.0,
1959,202411.0,1.89
1960,202412.0,
1961,202411.0,0.032
1962,202411.0,1.3668000000000002
1963,202411.0,0.777
1964,202501.0,
1965,202412.0,0.032
1966,202412.0,
1967,202412.0,
1968,202412.0,0.032
1969,,2.2
1970,202412.0,
1971,202412.0,
1972,202412.0,
1973,202412.0,0.2632
1974,202412.0,0.198
1975,202412.0,0.198
1976,202412.0,0.561
1977,202412.0,0.198
1978,202412.0,0.198
1979,202412.0,0.595
1980,202412.0,0.402
1981,202412.0,0.726
1982,202411.0,2.24
1983,202501.0,0.476
1984,202501.0,0.238
1985,202501.0,
1986,202501.0,1.33
1987,202501.0,0.204
1988,202501.0,0.66
1989,202411.0,1.89
1990,202501.0,
1991,202501.0,0.2304
1992,202501.0,1.08
1993,202412.0,0.032
1994,202412.0,2.2984
1995,202412.0,
1996,202412.0,0.032
1997,202412.0,0.032
1998,202412.0,
1999,202412.0,1.89
2000,202412.0,0.567
2001,202412.0,
2002,202412.0,2.1004
2003,202412.0,0.9612
2004,202412.0,0.12
2005,202412.0,
2006,202412.0,
2007,202412.0,0.3894
2008,202412.0,
2009,202412.0,1.38
2010,202501.0,
2011,202501.0,0.032
2012,202412.0,
2013,202412.0,
2014,202501.0,
2015,202501.0,
2016,202501.0,1.824
2017,202502.0,2.142
2018,,0.032
2019,,2.46
2020,202501.0,0.8328000000000001
2021,202501.0,0.41640000000000005
2022,202501.0,0.92
2023,202501.0,0.32
2024,202501.0,0.44
2025,202501.0,1.36
2026,202501.0,1.4664
2027,202501.0,0.7085
2028,202501.0,0.561
2029,202501.0,0.66
2030,202501.0,0.198
2031,202501.0,0.495
2032,202501.0,0.2
2033,202501.0,1.72
2034,202501.0,
2035,202502.0,0.84
2036,202502.0,0.032
2037,202502.0,0.5628000000000001
2038,202502.0,0.22
2039,202502.0,0.11
2040,,
2041,202502.0,
2042,202502.0,
2043,202502.0,0.032
2044,202502.0,0.032
2045,202412.0,0.238
2046,202412.0,0.328
2047,202412.0,0.656
2048,202412.0,0.328
2049,202412.0,0.2
2050,202412.0,
2051,202412.0,
2052,202412.0,
2053,202412.0,
2054,202412.0,0.84
2055,202412.0,
2056,202411.0,0.032
2057,202411.0,1.344
2058,202411.0,0.48240000000000005
2059,202412.0,0.0534
2060,202412.0,0.08
2061,202412.0,
2062,202411.0,
2063,202411.0,0.15239999999999998
2064,202411.0,0.4
2065,202411.0,0.304
2066,202411.0,0.114
2067,202411.0,0.07
2068,202411.0,
2069,202411.0,0.088
2070,202411.0,0.022
2071,202411.0,0.7152000000000001
2072,202411.0,0.92
2073,202411.0,0.06
2074,202411.0,0.15239999999999998
2075,202501.0,
2076,202411.0,1.7848
2077,202411.0,1.7848
2078,202412.0,2.142
2079,202411.0,0.2576
2080,202411.0,0.644
2081,202411.0,0.032
2082,202411.0,0.108
2083,202411.0,0.216
2084,202411.0,0.198
2085,202411.0,0.198
2086,202411.0,0.099
2087,202411.0,0.462
2088,202411.0,
2089,202411.0,
2090,202411.0,
2091,202411.0,0.032
2092,202411.0,1.206
2093,202411.0,1.122
2094,202412.0,0.5
2095,202412.0,0.6
2096,202412.0,0.3
2097,202412.0,0.096
2098,202412.0,0.288
2099,202412.0,0.096
2100,202412.0,0.096
2101,202412.0,0.67
2102,202412.0,0.12179999999999998
2103,202412.0,1.344
2104,202412.0,0.112
2105,202502.0,1.232
2106,202502.0,1.035
2107,,0.4167
2108,,0.041
2109,,0.938
2110,,0.168
2111,,0.56
2112,202411.0,
2113,202411.0,0.1016
2114,202501.0,0.24
2115,202501.0,0.504
2116,202501.0,0.504
2117,202501.0,0.7152000000000001
2118,202412.0,0.66
2119,202412.0,0.67
2120,202412.0,0.268
2121,202412.0,0.536
2122,202411.0,0.07479999999999999
2123,202411.0,2.244
2124,202411.0,0.032
2125,202412.0,0.134
2126,202412.0,0.134
2127,202412.0,
2128,202412.0,0.108
2129,202412.0,0.404
2130,202412.0,0.303
2131,202411.0,0.119
2132,202411.0,
2133,202411.0,0.396
2134,202411.0,0.065
2135,202411.0,
2136,202501.0,0.67
2137,202501.0,
2138,202501.0,
2139,202501.0,
2140,202501.0,0.216
2141,202501.0,0.303
2142,202412.0,0.357
2143,202412.0,0.952
2144,202412.0,0.476
2145,202501.0,1.428
2146,202501.0,0.328
2147,202502.0,
2148,202502.0,
2149,,
2150,202502.0,
2151,202502.0,
2152,,0.218
2153,,1.04
2154,,0.078
2155,,0.39
2156,,0.273
2157,202501.0,0.14959999999999998
2158,202501.0,0.032
2159,202501.0,0.96
2160,202501.0,0.4536
2161,,1.87
2162,,0.032
2163,,0.2736
2164,,0.1104
2165,,
2166,,
2167,,0.585
2168,,
2169,,
2170,,0.032
2171,202502.0,
2172,202502.0,
2173,202502.0,
2174,202502.0,0.27
2175,202502.0,0.135
2176,202502.0,0.135
2177,,0.266
2178,,0.494
2179,,0.114
2180,,1.08
2181,,2.366
2182,202501.0,0.516
2183,202501.0,0.26
2184,202501.0,0.184
2185,202501.0,0.172
2186,202501.0,0.92
2187,202411.0,1.728
2188,202501.0,1.344
2189,202501.0,0.11
2190,202501.0,0.986
2191,202412.0,0.032
2192,202412.0,
2193,202412.0,
2194,202412.0,
2195,202412.0,0.032
2196,202501.0,
2197,202412.0,1.96
2198,202412.0,1.68
2199,202412.0,
2200,202412.0,
2201,202501.0,
2202,202412.0,0.561
2203,202412.0,0.396
2204,202412.0,0.0975
2205,202412.0,0.0975
2206,202412.0,0.5711999999999999
2207,202412.0,0.064
2208,202412.0,
2209,202412.0,
2210,202412.0,0.36
2211,202412.0,0.44
2212,202412.0,0.92
2213,202412.0,0.44
2214,202501.0,1.782
2215,202411.0,0.103
2216,202411.0,0.309
2217,202411.0,0.1
2218,202412.0,2.1456
2219,202412.0,
2220,202502.0,0.119
2221,202502.0,0.476
2222,202502.0,0.328
2223,202502.0,0.656
2224,202502.0,0.268
2225,202411.0,0.054
2226,202411.0,0.054
2227,202411.0,0.054
2228,202411.0,1.566
2229,,2.184
2230,202501.0,1.008
2231,202501.0,0.336
2232,202501.0,0.462
2233,202501.0,0.364
2234,202412.0,1.496
2235,202412.0,0.032
2236,202412.0,0.108
2237,202412.0,0.108
2238,202412.0,0.432
2239,,0.032
2240,,2.2512000000000003
2241,202412.0,0.108
2242,202412.0,0.162
2243,202412.0,0.054
2244,202412.0,
2245,202412.0,0.402
2246,202412.0,
2247,202501.0,0.134
2248,202501.0,0.228
2249,202411.0,0.117
2250,202411.0,0.245
2251,202411.0,0.378
2252,202411.0,0.616
2253,202411.0,
2254,202411.0,0.07680000000000001
2255,202411.0,1.7848
2256,202411.0,0.68
2257,202411.0,0.036
2258,202411.0,1.272
2259,202411.0,0.04
2260,202411.0,1.8235999999999999
2261,202411.0,0.36
2262,202411.0,0.531
2263,202411.0,0.288
2264,202411.0,0.5888000000000001
2265,202411.0,0.032
2266,202411.0,2.3187999999999995
2267,202411.0,0.84
2268,202411.0,1.4
2269,202412.0,0.13
2270,202412.0,1.188
2271,202412.0,
2272,202412.0,
2273,202412.0,
2274,202412.0,0.076
2275,202501.0,
2276,202501.0,0.134
2277,202501.0,0.134
2278,202501.0,
2279,202501.0,0.303
2280,202411.0,0.072
2281,202411.0,0.198
2282,202411.0,0.054
2283,,0.154
2284,,1.078
2285,,
2286,,0.798
2287,,0.324
2288,,0.91
2289,,0.032
2290,,
2291,,
2292,,1.634
2293,,
2294,,0.032
2295,,0.396
2296,,1.4637599999999997
2297,,0.032
2298,202409.0,0.804
2299,202409.0,0.536
2300,202409.0,0.134
2301,202409.0,0.536
2302,202409.0,0.134
2303,202408.0,0.184
2304,202408.0,0.376
2305,202408.0,0.6
2306,202408.0,0.184
2307,202408.0,0.368
2308,202408.0,0.096
2309,202408.0,0.096
2310,202408.0,0.096
2311,202408.0,0.432
2312,202408.0,0.216
2313,202408.0,0.54
2314,202408.0,0.108
2315,202408.0,0.66
2316,202407.0,0.476
2317,202411.0,1.458
2318,202411.0,0.032
2319,202412.0,
2320,202501.0,
2321,202501.0,
2322,202501.0,0.495
2323,202501.0,0.052
2324,202501.0,0.085
2325,202501.0,0.408
2326,202501.0,0.522
2327,202501.0,0.18359999999999999
2328,202501.0,0.032
2329,202502.0,
2330,202412.0,0.441
2331,202412.0,
2332,202501.0,0.032
2333,202501.0,0.376
2334,202501.0,
2335,,1.098
2336,,1.188
2337,,0.072
2338,,0.0366
2339,,0.12
2340,,
2341,202412.0,
2342,202412.0,
2343,202412.0,
2344,202412.0,
2345,202412.0,0.28
2346,202412.0,0.44
2347,202501.0,
2348,202501.0,1.728
2349,,1.848
2350,,0.152
2351,202501.0,
2352,202501.0,
2353,202501.0,0.476
2354,202501.0,0.054
2355,202501.0,0.108
2356,202501.0,0.396
2357,202501.0,
2358,202501.0,
2359,202501.0,
2360,202411.0,
2361,202411.0,
2362,202411.0,
2363,202411.0,0.494
2364,202411.0,0.038
2365,202411.0,0.19
2366,202411.0,0.228
2367,202411.0,0.038
2368,202411.0,0.12
2369,202501.0,1.785
2370,202501.0,0.672
2371,202501.0,1.204
2372,202501.0,1.1
2373,202501.0,1.072
2374,202501.0,
2375,202412.0,
2376,202412.0,0.63
2377,202412.0,0.12
2378,202412.0,1.04
2379,202412.0,0.036
2380,202412.0,0.036
2381,202412.0,0.072
2382,202412.0,1.32
2383,202412.0,0.44
2384,202412.0,
2385,202412.0,0.032
2386,,
2387,202412.0,
2388,202412.0,
2389,202412.0,1.89
2390,202412.0,
2391,,
2392,202412.0,
2393,202501.0,2.16
2394,202501.0,
2395,202501.0,1.08
2396,202501.0,1.728
2397,,0.304
2398,,0.304
2399,,0.672
2400,,0.672
2401,202501.0,0.336
2402,202501.0,0.672
2403,202501.0,0.332
2404,202501.0,0.109
2405,202501.0,0.1
2406,202501.0,0.5
2407,202501.0,1.326
2408,202501.0,0.884
2409,202501.0,0.032
2410,202501.0,1.824
2411,,0.168
2412,,1.68
2413,202501.0,0.064
2414,202501.0,
2415,202501.0,0.022
2416,202501.0,0.1296
2417,202501.0,0.612
2418,202501.0,0.102
2419,202501.0,2.1514
2420,202501.0,0.126
2421,202501.0,2.016
2422,202501.0,0.032
2423,202501.0,
2424,202501.0,0.96
2425,202501.0,0.408
2426,202501.0,0.08159999999999999
2427,202501.0,0.032
2428,202501.0,0.396
2429,202501.0,0.495
2430,202501.0,
2431,202501.0,0.33
2432,202501.0,1.254
2433,,0.46020000000000005
2434,,0.7788
2435,,
2436,,
2437,202501.0,1.96
2438,202501.0,
2439,202501.0,
2440,202501.0,
2441,,1.856
2442,,0.278
2443,,
2444,,0.032
2445,,
2446,,
2447,202502.0,
2448,,2.16
2449,,
2450,,1.08
2451,202502.0,1.008
2452,202502.0,1.134
2453,202501.0,0.064
2454,202501.0,0.148
2455,202501.0,1.48
2456,202501.0,0.486
2457,202502.0,0.324
2458,202502.0,1.456
2459,202502.0,0.486
2460,,
2461,,
2462,202501.0,2.1004
2463,202501.0,
2464,202502.0,
2465,202502.0,0.268
2466,202501.0,
2467,202501.0,
2468,,
2469,,
2470,202501.0,1.5
2471,202501.0,
2472,,0.032
2473,,0.55
2474,,1.0034
2475,,
2476,,1.008
2477,,1.134
2478,,
2479,,
2480,,0.032
2481,202501.0,0.032
2482,202501.0,0.1768
2483,202501.0,
2484,202501.0,0.176
2485,,0.17760000000000004
2486,,0.3256
2487,202412.0,
2488,202412.0,
2489,202412.0,
2490,,
2491,202501.0,
2492,202501.0,
2493,202501.0,0.264
2494,202501.0,0.57
2495,202501.0,0.6525
2496,202501.0,0.032
2497,202412.0,
2498,202412.0,0.24
2499,202412.0,0.44
2500,202412.0,0.44
2501,202412.0,0.44
2502,202412.0,0.44
2503,202501.0,
2504,202501.0,1.728
2505,202501.0,1.782
2506,202501.0,2.1514
2507,202501.0,0.3
2508,202501.0,0.17
2509,202501.0,0.17
2510,202501.0,0.192
2511,202501.0,1.288
2512,202501.0,0.12
2513,202501.0,
2514,202501.0,0.48
2515,202501.0,0.032
2516,202501.0,1.29
2517,202501.0,1.5912
2518,202501.0,0.6188
2519,202501.0,0.032
2520,202501.0,1.44
2521,202407.0,1.904
2522,202409.0,0.27
2523,202409.0,
2524,202409.0,
2525,202409.0,
2526,202409.0,0.19
2527,202409.0,0.76
2528,202409.0,0.19
2529,202409.0,0.108
2530,202408.0,0.595
2531,202408.0,
2532,202408.0,
2533,202408.0,0.54
2534,202408.0,1.764
2535,202408.0,0.324
2536,202408.0,
2537,202408.0,
2538,202408.0,0.66
2539,202408.0,0.574
2540,202408.0,0.328
2541,202408.0,
2542,202408.0,
2543,202408.0,
2544,202408.0,
2545,202408.0,1.526
2546,202408.0,0.504
2547,202408.0,0.174
2548,202408.0,0.49
2549,202408.0,0.168
2550,202408.0,0.112
2551,202408.0,0.174
2552,202501.0,0.0192
2553,202501.0,0.3
2554,202501.0,0.378
2555,202501.0,0.84
2556,202501.0,0.3
2557,202501.0,0.65
2558,202501.0,0.236
2559,202501.0,0.27257
2560,202501.0,0.236
2561,202501.0,0.27257
2562,202501.0,0.676
2563,202501.0,0.075
2564,202501.0,0.075
2565,202501.0,0.236
2566,202501.0,2.268
2567,202502.0,1.944
2568,202502.0,0.162
2569,,
2570,,
2571,202501.0,1.88
2572,202502.0,
2573,202502.0,0.656
2574,202502.0,0.328
2575,,0.328
2576,,0.656
2577,,0.054
2578,,
2579,202502.0,
2580,202502.0,0.72
2581,202502.0,0.032
2582,202502.0,0.032
2583,202502.0,2.3316000000000003
2584,,
2585,202502.0,0.032
2586,202410.0,0.39
2587,202410.0,0.8
2588,202410.0,0.08
2589,202410.0,0.44
2590,202410.0,0.032
2591,202410.0,0.6731999999999999
2592,202410.0,1.6456
2593,202411.0,0.2152
2594,202411.0,0.454
2595,202411.0,0.22
2596,202411.0,0.22
2597,202411.0,0.44
2598,202411.0,0.416
2599,202411.0,0.22
2600,202411.0,
2601,202411.0,
2602,202411.0,
2603,202411.0,0.405
2604,202411.0,0.36319999999999997
2605,202411.0,0.25479999999999997
2606,202501.0,0.34
2607,202501.0,0.412
2608,202501.0,
2609,202501.0,
2610,202501.0,0.248
2611,202411.0,1.3668000000000002
2612,202411.0,0.065
2613,202411.0,0.165
2614,202411.0,0.396
2615,202411.0,0.032
2616,202411.0,0.402
2617,202411.0,0.402
2618,202411.0,0.134
2619,202411.0,0.402
2620,202501.0,0.336
2621,202501.0,2.072
2622,202501.0,2.16
2623,202501.0,
2624,202501.0,2.366
2625,202501.0,
2626,202501.0,
2627,,1.392
2628,,0.24
2629,,0.135
2630,,0.135
2631,,0.27
2632,,2.088
2633,,0.696
2634,,0.464
2635,,0.09
2636,,0.148
2637,,0.33
2638,,0.36
2639,,
2640,,
2641,202501.0,
2642,,1.82
2643,,0.504
2644,,0.041
2645,,0.054
2646,,0.147
2647,,0.049
2648,,0.15180000000000002
2649,,0.0479
2650,,0.1916
2651,,0.7774
2652,,0.41859999999999997
2653,,0.58
2654,202502.0,1.892
2655,,
2656,202501.0,
2657,202501.0,2.1514
2658,202501.0,1.782
2659,202501.0,0.032
2660,202501.0,
2661,202501.0,
2662,202501.0,
2663,202501.0,0.032
2664,202501.0,0.032
2665,202501.0,2.21
2666,202501.0,0.308
2667,202501.0,0.572
2668,202501.0,0.78
2669,202502.0,1.824
2670,202501.0,1.38
2671,202502.0,0.177
2672,202502.0,0.6726
2673,202502.0,0.418
2674,202502.0,
2675,,
2676,,
2677,,0.32
2678,,0.32
2679,,0.52
2680,202501.0,
2681,202501.0,
2682,202502.0,
2683,202502.0,0.82
2684,202501.0,
2685,,0.032
2686,,0.2244
2687,,0.33
2688,,0.429
2689,,0.264
2690,202411.0,0.476
2691,202411.0,0.119
2692,202411.0,0.065
2693,202411.0,0.108
2694,202411.0,1.5708
2695,202411.0,0.032
2696,202411.0,0.644
2697,202411.0,2.3187999999999995
2698,202411.0,0.032
2699,202411.0,0.032
2700,202411.0,2.2512000000000003
2701,202411.0,0.664
2702,202411.0,0.48
2703,202411.0,0.04
2704,202411.0,0.44
2705,202411.0,0.44
2706,202411.0,0.1
2707,202411.0,0.28
2708,202411.0,
2709,202411.0,0.714
2710,202411.0,0.357
2711,202411.0,0.38
2712,202411.0,
2713,202411.0,
2714,202411.0,0.134
2715,202411.0,0.134
2716,202411.0,0.7
2717,202411.0,0.134
2718,202411.0,0.134
2719,202412.0,0.56
2720,202412.0,0.208
2721,202412.0,0.328
2722,202412.0,0.88
2723,202412.0,0.216
2724,,0.2664
2725,,0.576
2726,,0.4488
2727,,0.032
2728,,
2729,,1.134
2730,,
2731,,
2732,,0.16
2733,,1.2
2734,,0.07080000000000002
2735,,0.6912
2736,,2.142
2737,,
2738,,0.462
2739,,1.078
2740,,
2741,,0.77
2742,,1.456
2743,,2.2984
2744,,0.032
2745,,1.736
2746,,0.032
2747,,1.8585
2748,,0.4725
2749,202408.0,0.2284
2750,202408.0,0.096
2751,202408.0,0.384
2752,202408.0,0.19
2753,202408.0,0.9536
2754,202408.0,0.168
2755,202408.0,0.168
2756,202408.0,1.148
2757,202408.0,0.41
2758,202408.0,
2759,,0.16
2760,,0.08
2761,,0.92
2762,,0.35520000000000007
2763,,0.0592
2764,,0.6512
2765,,0.1296
2766,,0.1296
2767,,0.15120000000000003
2768,,0.1296
2769,,0.032
2770,,0.032
2771,,0.624
2772,,0.8684
2773,,0.5236000000000001
2774,,1.456
2775,,0.91
2776,202502.0,
2777,202502.0,
2778,,
2779,,
2780,,2.142
2781,,1.078
2782,,
2783,,
2784,,0.01
2785,,0.22
2786,,0.07680000000000001
2787,,0.315
2788,,1.04
2789,,0.245
2790,,1.14
2791,,1.1
2792,,0.032
2793,,1.7992000000000001
2794,202409.0,0.275
2795,202409.0,0.3288
2796,,0.0432
2797,,0.008
2798,,0.384
2799,,
2800,202502.0,
2801,202502.0,
2802,202502.0,
2803,202502.0,0.032
2804,202502.0,
2805,202502.0,
2806,202502.0,0.032
2807,,
2808,,0.032
2809,202502.0,
2810,202502.0,
2811,,
2812,,
2813,,1.08
2814,,0.96
2815,,0.08
2816,202501.0,0.16
2817,202501.0,1.958
2818,,0.784
2819,,0.032
2820,,0.096
2821,,0.30240000000000006
2822,,0.108
2823,,0.195
2824,,0.0975
2825,,0.414
2826,,0.28
2827,,0.4
2828,,1.04
2829,,
2830,,
2831,,0.304
2832,202502.0,0.114
2833,202502.0,0.266
2834,202502.0,0.076
2835,202502.0,0.266
2836,202502.0,0.988
2837,202502.0,0.038
2838,202502.0,0.129
2839,202502.0,0.129
2840,202502.0,0.032
2841,,
2842,202502.0,
2843,202502.0,1.8512
2844,,1.076
2845,,1.296
2846,,
2847,,
2848,,0.728
2849,,0.7832
2850,,1.034
2851,,
2852,,0.048
2853,,0.416
2854,,0.052
2855,,0.26
2856,,0.468
2857,,0.0945
2858,,0.567
2859,,1.785
2860,,0.032
2861,,0.602
2862,,0.688
2863,,0.946
2864,,0.032
2865,,
2866,,1.73
2867,202409.0,0.054799999999999995
2868,202409.0,0.134
2869,202409.0,0.54
2870,202409.0,0.27
2871,202408.0,1.206
2872,202408.0,0.82
2873,202408.0,
2874,202408.0,0.46
2875,202408.0,1.725
2876,202408.0,0.505
2877,202408.0,1.072
2878,202408.0,
2879,202408.0,0.162
2880,202408.0,0.83
2881,202408.0,0.972
2882,202408.0,0.364
2883,202408.0,0.561
2884,202408.0,
2885,202408.0,
2886,202408.0,0.432
2887,202408.0,0.54
2888,202408.0,2.3187999999999995
2889,202408.0,0.032
2890,202408.0,2.3688
2891,202408.0,0.564
2892,202408.0,0.564
2893,202408.0,0.165
2894,202408.0,0.1232
2895,202408.0,0.195
2896,202408.0,0.5151999999999999
2897,202408.0,1.06
2898,202408.0,0.456
2899,,
2900,,0.44
2901,,0.4568
2902,,0.2284
2903,,0.186
2904,,0.032
2905,,1.3463999999999998
2906,,0.64
2907,,0.016
2908,,
2909,,0.972
2910,,0.162
2911,,0.162
2912,,0.486
2913,,
2914,,0.27
2915,,1.68
2916,,
2917,,1.0608000000000002
2918,,0.032
2919,,1.19
2920,,0.648
2921,,
2922,,0.032
2923,,
2924,,1.16
2925,,0.5
2926,,0.4
2927,202409.0,
2928,202409.0,0.536
2929,202409.0,0.536
2930,202409.0,0.57
2931,202409.0,0.57
2932,202409.0,
2933,202409.0,0.536
2934,202409.0,0.54
2935,202408.0,0.058
2936,202408.0,0.232
2937,202408.0,0.29
2938,202408.0,0.058
2939,202408.0,0.232
2940,202408.0,0.174
2941,202408.0,0.09079999999999999
2942,202408.0,
2943,202408.0,0.476
2944,202408.0,0.664
2945,202408.0,0.184
2946,202408.0,0.218
2947,202408.0,0.368
2948,202408.0,0.1192
2949,202408.0,0.759
2950,202408.0,0.2784
2951,202408.0,0.30739999999999995
2952,202408.0,0.032
2953,202408.0,0.032
2954,202408.0,0.5236000000000001
2955,202408.0,1.7952
2956,202408.0,1.87
2957,202408.0,0.2244
2958,202408.0,0.032
2959,202408.0,0.0576
2960,202408.0,0.038400000000000004
2961,202408.0,0.038400000000000004
2962,202408.0,
2963,202408.0,
2964,202408.0,
2965,202409.0,0.368
2966,202409.0,
2967,202408.0,0.736
2968,202408.0,0.4
2969,202408.0,0.608
2970,202408.0,1.19
2971,202408.0,2.3688
2972,202409.0,1.82
2973,202409.0,0.182
2974,202409.0,
2975,202408.0,
2976,202408.0,1.8235999999999999
2977,202408.0,0.032
2978,202408.0,1.5708
2979,202408.0,0.5184
2980,202408.0,0.032
2981,202408.0,1.5028000000000001
2982,202408.0,0.7072
2983,202408.0,
2984,202409.0,
2985,202409.0,
2986,202409.0,
2987,202409.0,
2988,202409.0,0.19
2989,202409.0,1.21
2990,202409.0,0.624
2991,202411.0,1.248
2992,202411.0,0.55
2993,202411.0,0.46
2994,202409.0,0.456
2995,202409.0,0.192
2996,202409.0,0.096
2997,202409.0,0.688
2998,202409.0,0.552
2999,202502.0,
3000,,
3001,,0.032
3002,202502.0,
3003,,2.16
3004,,0.92
3005,,0.624
3006,,0.108
3007,,0.054
3008,,0.2048
3009,,0.14880000000000002
3010,,0.7936
3011,,0.0346
3012,,0.10380000000000002
3013,,0.153
3014,,0.032
3015,,0.48
3016,,0.252
3017,,
3018,,0.032
3019,,0.032
3020,,0.2808
3021,,0.148
3022,,0.35520000000000007
3023,,0.38480000000000003
3024,,0.048
3025,,0.384
3026,,2.366
3027,,
3028,,0.032
3029,,
3030,,
3031,,0.032
3032,,1.8
3033,,0.864
3034,,0.1
3035,,1.0
3036,202411.0,
3037,202411.0,
3038,202411.0,
3039,202412.0,
3040,202411.0,0.044
3041,202411.0,0.0224
3042,202411.0,0.7168000000000001
3043,202411.0,0.33
3044,202411.0,0.756
3045,202412.0,
3046,202411.0,1.7848
3047,202412.0,1.924
3048,202412.0,0.126
3049,202501.0,0.148
3050,202501.0,
3051,202412.0,
3052,202412.0,0.504
3053,202412.0,0.2
3054,202412.0,0.24
3055,202412.0,0.22
3056,202412.0,0.264
3057,202411.0,1.3968
3058,202411.0,0.20279999999999998
3059,202411.0,0.15239999999999998
3060,202411.0,1.7848
3061,202412.0,0.16
3062,202412.0,1.1251999999999998
3063,202412.0,0.044
3064,202412.0,0.166
3065,202412.0,0.126
3066,202412.0,0.0224
3067,202412.0,0.022
3068,202412.0,0.218
3069,202412.0,0.024
3070,202409.0,0.2
3071,202409.0,0.228
3072,202409.0,0.552
3073,202409.0,0.192
3074,202409.0,0.096
3075,202409.0,
3076,202409.0,0.65
3077,202409.0,0.65
3078,202409.0,
3079,202409.0,
3080,202409.0,0.41
3081,202408.0,0.032
3082,202408.0,0.748
3083,202408.0,1.5708
3084,202408.0,
3085,202408.0,
3086,202408.0,0.032
3087,202410.0,
3088,202410.0,
3089,202410.0,0.19
3090,202410.0,0.26
3091,202410.0,0.238
3092,202410.0,0.595
3093,202409.0,0.032
3094,202409.0,
3095,202409.0,
3096,202409.0,0.392
3097,202409.0,0.33
3098,202409.0,0.38
3099,202409.0,0.55
3100,202409.0,0.52
3101,202409.0,0.134
3102,202409.0,0.664
3103,202409.0,0.48640000000000005
3104,,
3105,,0.88
3106,,1.08
3107,202408.0,2.142
3108,202408.0,2.184
3109,202408.0,0.182
3110,202408.0,0.29540000000000005
3111,202408.0,0.25320000000000004
3112,202408.0,1.035
3113,202408.0,0.41
3114,202408.0,0.164
3115,202408.0,0.82
3116,202408.0,0.833
3117,202408.0,
3118,202408.0,
3119,202408.0,
3120,202408.0,0.066
3121,202408.0,
3122,202408.0,1.17
3123,202408.0,0.2952
3124,202408.0,0.078
3125,202408.0,
3126,202408.0,
3127,202408.0,0.152
3128,202408.0,0.152
3129,202408.0,0.168
3130,202408.0,0.168
3131,202408.0,0.912
3132,202408.0,0.2384
3133,202408.0,0.1988
3134,202408.0,2.3688
3135,202408.0,
3136,,0.032
3137,,1.548
3138,,0.17
3139,,0.384
3140,,0.432
3141,,0.081
3142,,1.188
3143,,0.342
3144,,0.66
3145,,
3146,,0.57
3147,202408.0,
3148,202408.0,
3149,202408.0,
3150,202408.0,0.15003999999999998
3151,202408.0,1.118
3152,202408.0,1.204
3153,202408.0,0.032
3154,202408.0,2.268
3155,202408.0,1.782
3156,202408.0,
3157,202408.0,0.66
3158,202408.0,0.108
3159,202408.0,0.54
3160,202408.0,0.202
3161,202408.0,2.322
3162,202408.0,0.032
3163,202408.0,
3164,202408.0,
3165,202408.0,
3166,202408.0,0.238
3167,202408.0,1.071
3168,202408.0,1.782
3169,202409.0,0.0356
3170,202409.0,0.03540000000000001
3171,202409.0,
3172,202409.0,
3173,202409.0,0.7788
3174,202409.0,0.032
3175,202409.0,0.8976
3176,202409.0,0.9723999999999999
3177,202409.0,0.324
3178,202409.0,0.252
3179,202409.0,0.072
3180,202409.0,
3181,202409.0,0.81
3182,202409.0,
3183,202409.0,0.0312
3184,202409.0,0.032
3185,202409.0,2.3187999999999995
3186,202409.0,0.8976
3187,202409.0,0.28
3188,202409.0,0.032
3189,202409.0,0.8
3190,202408.0,0.032
3191,202408.0,1.7992000000000001
3192,202409.0,0.032
3193,202409.0,2.3187999999999995
3194,202409.0,0.032
3195,202409.0,2.1692
3196,202409.0,0.14959999999999998
3202,202412.0,0.468
3203,202412.0,0.252
3204,202412.0,1.456
3205,,0.336
3206,,0.36
3207,,0.09
3208,,0.1575
3209,,0.894
3210,,0.078
3211,,0.77
3212,,0.308
3213,,0.48
3214,,0.336
3215,202412.0,
3216,202412.0,
3217,202412.0,
3218,202412.0,0.114
3219,202412.0,0.266
3220,202412.0,0.33
3221,202412.0,0.52
3222,202412.0,0.33
3223,202412.0,0.864
3224,202412.0,0.216
3225,202412.0,0.864
3226,202411.0,0.84
3227,202411.0,1.4
3228,202501.0,0.238
3229,202501.0,0.952
3230,202501.0,0.595
3231,202501.0,1.785
3232,202501.0,0.812
3233,202501.0,0.246
3234,202501.0,1.072
3235,202501.0,0.054
3236,202408.0,2.3688
3237,202408.0,
3238,202408.0,1.08
3239,202408.0,
3240,202408.0,
3241,202408.0,0.416
3242,202408.0,1.04
3243,202408.0,0.416
3244,202408.0,0.33
3245,202408.0,0.032
3246,202408.0,
3247,202408.0,
3248,202409.0,0.702
3249,202409.0,
3250,202409.0,
3251,202409.0,
3252,202408.0,
3253,202408.0,0.95
3254,202408.0,0.45
3255,202408.0,
3256,202409.0,0.95
3257,202409.0,1.248
3258,202409.0,0.486
3259,202409.0,
3260,202409.0,0.952
3261,202408.0,
3262,202408.0,0.132
3263,202408.0,0.24
3264,202408.0,
3265,202408.0,0.726
3266,202409.0,0.2725
3267,202409.0,0.91
3299,202408.0,
3300,,0.14959999999999998
3301,,0.748
3302,,1.2715999999999998
3303,,0.1152
3304,,0.036
3305,,0.032
3306,202408.0,0.13439999999999996
3307,202408.0,0.0288
3308,202408.0,0.044
3309,202408.0,0.022
3310,202408.0,0.066
3311,202408.0,
3312,202408.0,0.0356
3313,202408.0,0.08
3314,202408.0,0.8
3315,202408.0,0.044
3316,202408.0,0.0508
3317,202409.0,0.216
3318,202409.0,0.432
3319,202409.0,0.108
3320,202409.0,0.432
3321,202409.0,0.099
3322,202409.0,0.032
3323,202409.0,0.748
3324,202409.0,0.325
3325,202409.0,0.342
3326,202409.0,0.357
3327,202409.0,0.833
3328,202409.0,0.054799999999999995
3329,202409.0,
3330,202409.0,0.55
3331,202409.0,
3332,202409.0,0.27
3333,202501.0,0.054
3334,202501.0,
3335,202501.0,2.16
3336,202502.0,
3337,202502.0,
3338,202412.0,
3339,202411.0,1.296
3340,202411.0,0.5075999999999999
3341,202411.0,0.378
3342,202501.0,
3343,,2.2
3344,202412.0,
3345,202412.0,1.89
3346,202412.0,1.386
3347,202412.0,
3348,202412.0,
3349,202412.0,0.18
3350,202412.0,0.18
3351,202412.0,0.21
3352,202412.0,0.57
3353,202412.0,0.24
3354,202412.0,0.03219999999999999
3355,202412.0,0.1648
3356,202412.0,0.066
3357,202412.0,0.33
3358,202412.0,0.032
3359,202412.0,0.605
3360,202412.0,0.272
3361,202412.0,
3362,202412.0,
3363,202501.0,
3364,202501.0,
3365,202501.0,0.9022
3366,202409.0,0.378
3367,202409.0,0.664
3368,202408.0,0.354
3369,202408.0,
3370,202408.0,
3371,202408.0,0.726
3372,202408.0,0.032
3373,202408.0,0.07479999999999999
3374,202408.0,1.6456
3375,202408.0,0.6731999999999999
3376,202408.0,0.374
3377,202408.0,0.07479999999999999
3378,202408.0,0.07479999999999999
3379,202408.0,1.0472000000000001
3380,202408.0,0.374
3381,202408.0,
3382,202408.0,
3383,202408.0,0.032
3384,202408.0,0.07680000000000001
3385,202408.0,0.0576
3386,202408.0,0.038400000000000004
3387,202408.0,
3388,202409.0,1.8564
3389,202409.0,0.032
3390,202409.0,0.442
3391,202409.0,2.3187999999999995
3392,202409.0,0.032
3393,202410.0,0.57
3394,202410.0,0.3
3395,202410.0,0.3
3396,202410.0,0.3542
3397,202409.0,0.032
3398,202409.0,1.4186
3399,202409.0,0.336
3400,202408.0,
3401,202408.0,1.265
3402,202408.0,
3403,202408.0,0.15
3404,202408.0,0.308
3405,202408.0,0.728
3406,202408.0,0.032
3407,202408.0,
3408,202408.0,1.326
3409,202408.0,0.182
3410,202408.0,0.08
3411,202408.0,0.312
3412,202408.0,0.20639999999999997
3413,202408.0,1.17
3414,202408.0,0.144
3415,202408.0,1.65
3416,202408.0,0.27
3417,202408.0,1.692
3418,202408.0,0.072
3419,202408.0,
3420,202408.0,
3421,202408.0,0.17920000000000003
3422,202408.0,
3423,202408.0,0.792
3424,202408.0,
3425,202408.0,
3426,202408.0,0.332
3427,202408.0,0.126
3428,202408.0,0.63
3429,202408.0,1.7848
3430,202408.0,1.1747999999999998
3431,202409.0,0.135
3432,202409.0,0.33
3463,202408.0,
3464,202408.0,
3465,202408.0,
3466,202408.0,0.684
3467,202408.0,0.11639999999999999
3468,202408.0,0.23279999999999998
3469,202408.0,0.6596
3470,202408.0,0.088
3471,202408.0,0.044
3472,202408.0,1.8235999999999999
3473,202408.0,0.672
3474,202408.0,1.472
3475,202408.0,0.032
3476,202408.0,1.462
3477,202408.0,0.86
3478,202408.0,1.17
3479,202408.0,0.39
3480,202408.0,
3481,202408.0,1.026
3482,202408.0,0.633
3483,202408.0,0.12660000000000002
3484,202408.0,0.12660000000000002
3485,202408.0,0.0422
3486,202409.0,
3487,202409.0,1.32
3488,202408.0,0.16
3489,202408.0,0.16
3490,202408.0,
3491,202408.0,
3492,202408.0,0.088
3493,202408.0,0.088
3494,202408.0,0.264
3495,202408.0,
3496,202408.0,0.2
3497,202408.0,0.2
3498,202408.0,0.7952
3499,202408.0,0.3976
3500,202408.0,0.552
3501,202408.0,0.086
3502,202408.0,0.602
3503,202408.0,0.567
3504,202408.0,0.1575
3505,202408.0,0.126
3506,202408.0,0.0945
3507,202408.0,0.189
3508,202408.0,0.252
3509,202408.0,0.126
3510,202408.0,0.0945
3511,202408.0,0.17
3512,202408.0,0.17
3513,202408.0,0.552
3514,202408.0,0.84
3515,202408.0,0.368
3516,202409.0,
3517,202409.0,0.27
3518,202409.0,0.595
3519,202409.0,
3520,202408.0,0.48
3521,202408.0,0.756
3522,202408.0,
3523,202408.0,
3524,202408.0,1.26
3525,202409.0,0.186
3526,202409.0,0.218
3527,202408.0,
3528,202408.0,
3558,202408.0,0.16
3559,202408.0,0.16
3560,202408.0,0.16
3561,202408.0,
3562,202409.0,
3563,202409.0,0.268
3564,202409.0,
3565,202409.0,
3566,202409.0,
3567,202409.0,1.23
3568,202409.0,
3569,202408.0,0.1692
3570,202408.0,0.132
3571,202408.0,0.066
3572,202408.0,
3573,202408.0,0.072
3574,202408.0,0.072
3575,202408.0,0.072
3576,202408.0,
3577,202408.0,0.123
3578,202408.0,0.492
3579,202408.0,0.032
3580,202408.0,0.748
3581,202408.0,0.5983999999999999
3582,202408.0,0.9723999999999999
3583,202408.0,1.326
3584,202408.0,0.032
3585,202408.0,0.258
3586,202408.0,0.688
3587,202408.0,
3588,202409.0,
3589,202409.0,0.032
3590,202409.0,0.18159999999999998
3591,202501.0,0.9716000000000001
3592,202501.0,
3593,202501.0,
3594,202501.0,0.28462
3595,202501.0,0.612
3596,202501.0,0.612
3597,202501.0,0.064
3598,202501.0,
3599,202501.0,0.032
3600,202501.0,0.032
3601,202501.0,2.21
3602,202501.0,1.38
3603,202502.0,0.33
3604,202502.0,0.52
3605,202502.0,0.21120000000000003
3606,202502.0,0.03
3607,202502.0,0.32
3608,202502.0,0.168
3609,202502.0,0.084
3610,202502.0,0.10560000000000001
3611,202501.0,2.268
3612,202501.0,1.404
3613,202501.0,1.824
3614,202501.0,0.2124
3615,202501.0,1.5222
3616,202501.0,0.2124
3617,202501.0,1.5222
3618,,
3619,,
3620,,0.0992
3621,202501.0,
3622,202501.0,
3688,202501.0,
3689,202501.0,
3690,202501.0,
3691,,1.392
3692,,0.696
3693,,
3694,,
3695,,
3696,202502.0,2.1708000000000003
3697,202502.0,0.032
3698,202502.0,1.008
3699,202502.0,1.134
3700,202502.0,0.86
3701,202502.0,1.032
3702,202502.0,1.72
3703,,0.032
3704,,0.2808
3705,,0.1296
3706,,0.30240000000000006
3707,,0.1296
3708,,0.1296
3709,,0.1296
3710,,0.30240000000000006
3711,,0.545
3712,,0.24
3713,,
3714,,0.92
3715,,1.28
3716,,
3717,,0.684
3718,,0.376
3719,,
3720,,
3721,,
3722,,
3723,,1.2
3724,202409.0,0.33
3725,202409.0,0.52
3726,202409.0,0.55
3727,202409.0,0.38
3728,202409.0,0.112
3729,202409.0,0.112
3730,202409.0,0.168
3731,202409.0,0.032
3732,202409.0,1.6796000000000002
3733,202409.0,0.6188
3734,202409.0,0.374
3735,202409.0,1.87
3736,202409.0,0.032
3737,202409.0,0.064
3738,202409.0,1.72
3739,202409.0,0.602
3740,202409.0,0.032
3741,202409.0,0.432
3742,202409.0,0.35520000000000007
3743,202409.0,0.3256
3744,202409.0,0.07840000000000001
3745,202409.0,0.384
3746,202409.0,0.032
3747,202410.0,0.238
3748,202410.0,0.186
3749,202410.0,
3750,202410.0,
3751,202410.0,0.304
3752,202410.0,0.38
3753,202410.0,0.152
3754,202410.0,0.184
3755,202410.0,0.184
3757,202408.0,
3758,202408.0,0.195
3759,202408.0,0.13
3760,202408.0,0.082
3761,202408.0,0.82
3762,202408.0,0.238
3763,202408.0,
3764,202408.0,0.07080000000000002
3765,202408.0,0.325
3766,202408.0,0.324
3767,202408.0,0.69
3768,202408.0,0.738
3769,202408.0,0.5044
3770,202408.0,0.0984
3771,202408.0,0.4064
3772,202408.0,0.15839999999999999
3773,202408.0,0.07080000000000002
3774,202408.0,0.3894
3775,202408.0,0.2304
3776,202408.0,
3777,202408.0,1.08
3778,202408.0,
3779,202408.0,0.172
3780,202408.0,1.118
3781,202408.0,0.1768
3782,202408.0,0.7956
3783,202408.0,0.032
3784,202408.0,
3785,202408.0,
3786,202408.0,0.55
3787,202408.0,0.36
3788,,
3789,,0.22
3790,,0.52
3791,,1.092
3792,,0.1575
3793,,1.785
3794,,1.04
3795,,1.21
3796,,0.032
3797,,0.884
3798,,1.376
3799,,1.568
3800,,0.34
3801,,0.102
3802,,0.408
3803,,0.88
3804,,0.84
3805,202408.0,0.336
3806,202408.0,0.372
3807,202408.0,0.309
3808,202408.0,0.103
3809,202408.0,0.288
3810,202408.0,0.184
3811,202408.0,0.51
3812,202408.0,1.82
3813,202408.0,0.332
3814,202408.0,0.22
3815,202408.0,0.66
3816,202408.0,0.22
3817,202408.0,0.208
3818,202408.0,0.208
3819,202408.0,0.432
3820,202408.0,0.216
3821,202408.0,0.342
3884,202408.0,0.216
3885,202408.0,0.33
3886,202408.0,0.066
3887,202408.0,
3888,202408.0,
3889,202408.0,0.66
3890,202408.0,0.066
3891,202408.0,0.12
3892,202408.0,0.3894
3893,202408.0,0.1062
3894,202408.0,0.8496
3895,202408.0,0.28320000000000006
3896,202408.0,
3897,202408.0,1.56
3898,202408.0,0.032
3899,202408.0,0.968
3900,202408.0,
3901,202408.0,
3902,202408.0,
3903,202408.0,0.952
3904,202408.0,0.1728
3905,202408.0,0.07680000000000001
3906,202408.0,0.216
3907,202408.0,0.231
3908,202408.0,0.7936
3909,202408.0,0.495
3910,202408.0,0.032
3911,202408.0,
3912,202408.0,
3913,202408.0,1.0715999999999999
3914,202408.0,0.66
3915,202408.0,0.66
3947,202408.0,0.54
3948,202408.0,1.8235999999999999
3949,202409.0,0.996
3950,202409.0,0.462
3951,202409.0,0.648
3952,202409.0,
3953,202409.0,
3954,202409.0,
3955,202409.0,1.23
3956,202408.0,2.322
3957,202408.0,0.032
3958,202408.0,0.032
3959,202408.0,
3960,202408.0,
3961,202409.0,1.12
3962,202409.0,0.38
3963,202409.0,
3964,202408.0,
3965,202408.0,0.04
3966,202408.0,0.8
3967,202408.0,
3968,202408.0,0.07080000000000002
3969,202408.0,0.48640000000000005
3970,202408.0,0.12
3971,202408.0,0.0448
3972,202408.0,
3973,202408.0,
3974,202408.0,
3975,202408.0,
3976,202408.0,
3977,202409.0,
3978,202409.0,0.66
3979,202409.0,0.044
3980,202409.0,0.84
3981,202409.0,0.92
3982,202408.0,0.032
3983,202408.0,2.21
3984,202410.0,0.165
3985,202410.0,0.099
3986,202410.0,0.216
3987,202410.0,0.324
3988,202410.0,0.432
3989,202410.0,0.324
3990,202409.0,0.664
3991,202409.0,0.763
3992,202409.0,
3993,202409.0,
3994,202409.0,0.41
3995,202409.0,0.594
3996,202409.0,
3997,202408.0,
3998,202408.0,
3999,202408.0,
4000,202408.0,1.1
4001,202408.0,
4002,202409.0,0.10959999999999999
4003,202409.0,0.416
4004,202409.0,0.416
4005,202409.0,0.44
4006,202409.0,0.44
4007,202409.0,0.38
4008,202408.0,
4009,202408.0,
4010,202408.0,
4011,202408.0,
4012,202408.0,
4045,202408.0,
4046,202408.0,0.6
4047,202408.0,1.2415999999999998
4048,202408.0,0.77
4049,202408.0,1.1
4050,202408.0,0.312
4051,202408.0,
4052,202408.0,0.032
4053,202408.0,
4054,202408.0,
4055,202408.0,
4056,202408.0,0.504
4057,202408.0,
4058,202408.0,0.81
4059,202411.0,0.208
4060,202411.0,0.52
4061,202411.0,1.12
4062,202411.0,0.46
4063,202408.0,
4064,202408.0,
4065,202408.0,
4066,202408.0,0.39
4067,202408.0,0.264
4068,202408.0,0.264
4069,202408.0,
4070,202409.0,
4071,202409.0,
4072,202409.0,
4073,202409.0,0.032
4074,202408.0,
4075,202409.0,0.378
4076,202409.0,0.08
4077,202409.0,0.4248
4078,202409.0,
4079,202409.0,
4080,202409.0,
4081,202409.0,0.15519999999999998
4082,202409.0,1.5028000000000001
4083,202409.0,
4084,202409.0,
4085,202409.0,0.032
4086,202409.0,0.032
4087,202409.0,2.2984
4088,202409.0,2.2984
4089,202409.0,0.032
4090,202409.0,0.11
4091,202409.0,0.082
4092,202409.0,0.09259999999999999
4093,202409.0,0.57
4094,202409.0,0.28
4095,202409.0,0.134
4096,202409.0,0.268
4097,202409.0,
4098,202409.0,
4099,202408.0,0.45
4100,202408.0,0.45
4101,202408.0,0.564
4102,202408.0,0.55
4103,202408.0,0.108
4104,202409.0,0.354
4105,202409.0,0.354
4106,202409.0,0.354
4107,202409.0,
4268,202409.0,0.48640000000000005
4269,202409.0,0.664
4270,202409.0,0.13439999999999996
4271,202409.0,0.72
4272,202410.0,0.336
4273,202410.0,0.336
4274,202410.0,0.184
4275,202410.0,0.552
4298,202409.0,
4299,202409.0,0.046799999999999994
4300,202409.0,
4301,202410.0,0.38
4302,202410.0,
4303,202410.0,1.0252000000000001
4304,202409.0,0.032
4305,202409.0,1.792
4306,202408.0,0.29919999999999997
4307,202408.0,0.032
4308,202408.0,1.5916000000000001
4309,202408.0,0.268
4310,202408.0,
4311,202408.0,0.268
4312,202408.0,0.268
4313,202408.0,0.77
4329,202412.0,1.512
4330,202412.0,
4331,202501.0,1.782
4332,202501.0,0.032
4333,202501.0,1.66706
4334,202501.0,0.322
4335,202501.0,0.08639999999999999
4336,202501.0,0.084
4337,202501.0,0.0945
4338,202501.0,1.612
4339,202501.0,1.824
4340,202501.0,2.072
4341,202501.0,
4342,202502.0,
4343,,
4344,,
4345,202501.0,1.2
4346,202501.0,0.68
4347,202501.0,1.0
4348,202501.0,0.88
4349,202501.0,0.08
4350,202501.0,
4351,202501.0,
4352,202501.0,
4353,202501.0,
4354,202501.0,
4355,202501.0,
4356,202501.0,0.19
4357,202501.0,0.404
4358,,0.227
4359,,1.856
4360,,2.088
4361,,
4961,,
4962,202502.0,0.032
4963,202502.0,0.55
4964,202502.0,0.9688000000000001
4965,202502.0,
4966,202502.0,0.032
4967,202502.0,1.92
4968,202502.0,0.04
4969,202502.0,
4970,,
4971,202502.0,
4972,202502.0,
4973,,1.4
4974,,
4975,,0.5888000000000001
4976,,0.16
4977,,
4978,,0.3864
4979,,0.402
4980,,0.656
4981,,0.416
4982,,0.032
4983,,0.032
4984,,0.1114
4985,,0.968
4986,,0.121
4987,,0.56
4988,,0.032
4989,,0.261
4990,,0.261
4991,,1.056
4992,,1.5064
4993,,0.2152
4994,,0.648
4995,,1.008
4996,,1.008
5187,,0.126
5188,,0.77
5189,,
5190,,0.522
5191,,0.9728
5192,,0.032
5193,,0.3536
5194,,1.5912
5195,,0.3536
5196,,
5197,,0.032
5198,,1.064
5199,,0.032
5200,,0.6574
5201,,0.27
5202,,0.54
5203,,1.21
5204,202408.0,0.19
5205,202408.0,
5206,202408.0,
5207,202408.0,0.19
5208,202408.0,0.54
5209,202408.0,0.232
5210,202409.0,0.56
5211,202409.0,0.402
5212,202409.0,1.206
5213,,0.268
5214,,0.11
5215,,0.55
5216,,0.416
5217,,0.92
5218,202408.0,1.64
5219,202408.0,
5220,202408.0,0.484
5444,202408.0,
5445,202408.0,0.032
5446,202408.0,0.7956
5447,202408.0,1.4144
5448,202408.0,1.428
5449,202408.0,0.238
5450,202408.0,0.756
5451,202408.0,0.648
5452,202408.0,
5453,202408.0,0.119
5454,202408.0,0.246
5455,202408.0,
5456,202408.0,
5457,202408.0,
5458,202408.0,0.144
5459,202408.0,0.054799999999999995
5460,202408.0,0.054799999999999995
5461,202408.0,0.27
5462,202408.0,0.17
5463,202408.0,0.166
5464,202408.0,0.166
5465,202408.0,0.63
5466,202408.0,0.56
5467,202408.0,2.184
5468,202408.0,0.182
5469,202408.0,
5470,202408.0,0.54
5471,202408.0,
5472,202408.0,0.246
5473,202408.0,
5474,202408.0,1.785
5475,202408.0,0.76
5666,202408.0,1.176
5667,202408.0,0.585
5668,202408.0,0.975
5669,202408.0,0.195
5670,202408.0,0.396
5671,202408.0,0.638
5672,202408.0,0.154
5673,202408.0,1.87
5674,202408.0,0.032
5675,202408.0,0.08880000000000002
5676,202408.0,0.1625
5677,202408.0,0.066
5678,202408.0,0.099
5679,202408.0,0.099
5680,202408.0,0.066
5681,202408.0,
5682,202408.0,
5683,202408.0,
5684,202408.0,0.0896
5685,202408.0,0.13439999999999996
5686,202408.0,0.078
5687,202408.0,0.04
5688,202408.0,0.76
5689,202408.0,0.1016
5690,202408.0,0.0508
5691,202408.0,0.246
5692,202408.0,0.0984
5693,202408.0,0.4096
5694,202408.0,0.09240000000000001
5695,202408.0,0.0616
5696,202408.0,0.24
5921,202408.0,0.09
5922,202408.0,0.436
5923,202408.0,0.109
5924,202408.0,
5925,202408.0,
5926,202408.0,
5927,202408.0,
5928,202408.0,0.132
5929,202408.0,0.165
5930,202408.0,0.165
5931,202408.0,0.099
5932,202408.0,0.216
5933,202408.0,1.14
5934,202409.0,0.41
5935,202409.0,0.738
5936,202409.0,0.714
5937,202409.0,0.656
5938,202409.0,
5939,202409.0,0.33
5940,202410.0,0.188
5941,202410.0,0.19
5942,202410.0,
5943,202410.0,
5944,202410.0,
5945,202410.0,0.134
5946,202410.0,0.19
5947,202410.0,0.38
5948,202409.0,0.41
5949,202409.0,
5950,202409.0,0.26
5951,202409.0,0.13
6144,202409.0,0.595
6145,202408.0,0.032
6146,202408.0,0.6731999999999999
6147,202408.0,1.6456
6148,202408.0,1.122
6149,202408.0,1.1967999999999999
6150,202408.0,0.032
6151,202409.0,
6152,202409.0,
6153,202409.0,0.268
6154,202409.0,1.312
6155,202408.0,
6156,202408.0,0.032
6157,202408.0,
6158,202408.0,
6159,202408.0,
6160,202408.0,0.032
6161,202409.0,0.0644
6162,202409.0,0.08159999999999999
6163,202409.0,0.29919999999999997
6164,202409.0,0.374
6165,202409.0,0.5236000000000001
6166,202409.0,0.26180000000000003
6167,202409.0,0.032
6168,202409.0,0.07680000000000001
6169,202409.0,0.016099999999999996
6170,202409.0,0.17760000000000004
6171,202409.0,0.066
6172,202408.0,
6173,202408.0,0.032
6174,202409.0,0.032
6175,202409.0,
6368,202408.0,
6369,202408.0,
6370,202408.0,0.66
6371,202409.0,0.088
6372,202409.0,0.044
6373,202409.0,0.0508
6374,202409.0,0.032
6375,202409.0,0.6188
6376,202409.0,1.72
6377,202409.0,0.032
6378,202409.0,0.6731999999999999
6379,202409.0,1.5708
6380,202409.0,0.099
6381,202409.0,0.032
6382,202409.0,0.208
6383,202409.0,0.23460000000000003
6384,202409.0,0.40079999999999993
6385,202409.0,0.33
6386,202409.0,0.945
6387,202409.0,0.36
6388,202409.0,0.208
6389,202409.0,0.208
6390,202409.0,0.104
